# 1+z  nHeII/nHe  nHeIII/nHe

2000

1.000000000000000000e+00 8.078726030484380694e-04 9.991921227396476368e-01
1.004013217854913043e+00 8.036480872929476242e-04 9.991963473008987906e-01
1.008042541627377275e+00 7.988020568212119473e-04 9.992011934004277895e-01
1.012088035953948362e+00 7.939262563121237889e-04 9.992060692696858037e-01
1.016149765730582688e+00 7.887918250144322629e-04 9.992112037764198096e-01
1.020227796113678531e+00 7.837045642347480927e-04 9.992162911099615741e-01
1.024322192521120556e+00 7.786237184742975147e-04 9.992213720269776944e-01
1.028433020633330086e+00 7.734937550235151602e-04 9.992265020612577375e-01
1.032560346394316930e+00 7.684754594840780819e-04 9.992315204241049020e-01
1.036704236012741864e+00 7.635736925327435290e-04 9.992364222544273256e-01
1.040864755962972232e+00 7.587806371723825874e-04 9.992412153698504440e-01
1.045041972986152645e+00 7.540860828022799556e-04 9.992459099817982970e-01
1.049235954091274348e+00 7.495888309122738071e-04 9.992504072867989251e-01
1.053446766556250358e+00 7.450769537992010848e-04 9.992549192168559413e-01
1.057674477928994383e+00 7.405487994240090308e-04 9.992594474242446623e-01
1.061919156028505062e+00 7.359894978999161107e-04 9.992640067790045100e-01
1.066180868945952875e+00 7.313330846507666745e-04 9.992686632463992913e-01
1.070459685045773490e+00 7.265147880370705384e-04 9.992734815991458630e-01
1.074755672966763997e+00 7.216701055364777712e-04 9.992783263374832581e-01
1.079068901623183363e+00 7.167761779979423637e-04 9.992832203205959107e-01
1.083399440205859099e+00 7.118597067261754271e-04 9.992881368469118675e-01
1.087747358183296154e+00 7.071123223128443578e-04 9.992928842839569059e-01
1.092112725302792020e+00 7.025121185789231278e-04 9.992974845377915472e-01
1.096495611591554953e+00 6.981018157923654264e-04 9.993018948885054042e-01
1.100896087357827957e+00 6.939557165616343616e-04 9.993060410329746013e-01
1.105314223192016554e+00 6.900076970348832314e-04 9.993099890956780307e-01
1.109750089967820097e+00 6.860681876377930713e-04 9.993139286479187922e-01
1.114203758843370418e+00 6.821509423649807198e-04 9.993178459355119836e-01
1.118675301262372024e+00 6.782500228384640093e-04 9.993217468969204376e-01
1.123164788955248516e+00 6.743259418564148330e-04 9.993256710198942239e-01
1.127672293940293446e+00 6.703603606094059959e-04 9.993296366435470146e-01
1.132197888524825613e+00 6.663636985097277097e-04 9.993336333482890632e-01
1.136741645306348358e+00 6.623868840698741078e-04 9.993376102047601961e-01
1.141303637173715080e+00 6.583710373514620271e-04 9.993416260934137041e-01
1.145883937308297851e+00 6.543648963956172912e-04 9.993456322757825472e-01
1.150482619185161814e+00 6.504992968097303516e-04 9.993494979151322788e-01
1.155099756574242909e+00 6.468485854291471061e-04 9.993531486639027905e-01
1.159735423541532473e+00 6.433246172840091951e-04 9.993566726679592449e-01
1.164389694450264523e+00 6.398068704265915145e-04 9.993601904504521016e-01
1.169062643962109238e+00 6.363125889311306311e-04 9.993636847670606116e-01
1.173754347038370005e+00 6.328298245169153638e-04 9.993671675662310072e-01
1.178464878941186234e+00 6.292939178408290092e-04 9.993707034946894829e-01
1.183194315234741056e+00 6.257414666340402982e-04 9.993742559881273468e-01
1.187942731786472805e+00 6.222227087779087264e-04 9.993777747867884642e-01
1.192710204768292703e+00 6.187376601854971533e-04 9.993812598745783760e-01
1.197496810657805888e+00 6.152862549141652334e-04 9.993847113174494368e-01
1.202302626239539318e+00 6.118727797169908013e-04 9.993881248301252906e-01
1.207127728606172790e+00 6.084900262302068595e-04 9.993915076185686530e-01
1.211972195159775723e+00 6.051377190075547243e-04 9.993948599581625736e-01
1.216836103613049280e+00 6.018132150558062584e-04 9.993981844910456713e-01
1.221719531990572039e+00 5.985208678875150647e-04 9.994014768651892089e-01
1.226622558630052762e+00 5.952616247265755164e-04 9.994047361337132784e-01
1.231545262183586287e+00 5.920005122240269441e-04 9.994079972684677404e-01
1.236487721618914959e+00 5.887898574966864400e-04 9.994112079446039187e-01
1.241450016220696950e+00 5.856559618521365966e-04 9.994143418619605423e-01
1.246432225591776133e+00 5.826247252750779617e-04 9.994173731197393273e-01
1.251434429654460168e+00 5.796616580509375040e-04 9.994203362087272779e-01
1.256456708651802368e+00 5.767370342795215135e-04 9.994232608557476194e-01
1.261499143148889335e+00 5.739007367775864413e-04 9.994260971785320358e-01
1.266561814034131928e+00 5.710943054899246616e-04 9.994289036364897294e-01
1.271644802520564888e+00 5.682461011395577820e-04 9.994317518680997381e-01
1.276748190147148021e+00 5.653615332383622218e-04 9.994346364649807635e-01
1.281872058780074486e+00 5.624349641060291715e-04 9.994375630635345953e-01
1.287016490614085074e+00 5.594584069874751703e-04 9.994405396487211490e-01
1.292181568173785156e+00 5.563639948295641445e-04 9.994436340879484515e-01
1.297367374314969846e+00 5.532323465384809263e-04 9.994467657618875123e-01
1.302573992225952493e+00 5.501655526540250030e-04 9.994498325794758387e-01
1.307801505428899169e+00 5.471238973774180878e-04 9.994528742556767487e-01
1.313049997781168710e+00 5.441597928152616887e-04 9.994558383795230094e-01
1.318319553476657635e+00 5.413220273281283725e-04 9.994586761637178629e-01
1.323610257047151295e+00 5.386546679885370528e-04 9.994613435403137958e-01
1.328922193363679227e+00 5.360891315853025599e-04 9.994639090938853832e-01
1.334255447637876513e+00 5.335853715194130474e-04 9.994664128718262486e-01
1.339610105423352016e+00 5.312188149630369099e-04 9.994687794473303688e-01
1.344986252617059064e+00 5.288570108045912528e-04 9.994711412708732201e-01
1.350383975460674568e+00 5.264595824549086946e-04 9.994735387188458109e-01
1.355803360541981917e+00 5.240100667145045727e-04 9.994759882547834540e-01
1.361244494796260307e+00 5.214794274679758783e-04 9.994785189153918559e-01
1.366707465507678743e+00 5.189710801467771429e-04 9.994810272831251563e-01
1.372192360310697357e+00 5.164850221220674284e-04 9.994835133606150279e-01
1.377699267191471622e+00 5.139648746566962464e-04 9.994860335266506635e-01
1.383228274489265219e+00 5.114888126684680484e-04 9.994885096062476881e-01
1.388779470897866242e+00 5.090958409612809628e-04 9.994909025945738490e-01
1.394352945467010274e+00 5.068035870504893894e-04 9.994931948636351926e-01
1.399948787603809253e+00 5.045847419268177040e-04 9.994954137231893965e-01
1.405567087074184984e+00 5.024251001177991709e-04 9.994975733790983918e-01
1.411207934004309328e+00 5.003874753101705949e-04 9.994996110172237325e-01
1.416871418882050371e+00 4.983727206986546905e-04 9.995016257850914965e-01
1.422557632558423935e+00 4.963337359097533350e-04 9.995036647834157906e-01
1.428266666249050409e+00 4.942646484235330845e-04 9.995057338849986373e-01
1.433998611535618473e+00 4.921754426644136659e-04 9.995078231049365769e-01
1.439753560367353913e+00 4.900697130351354793e-04 9.995099288486559708e-01
1.445531605062494895e+00 4.878722555706505601e-04 9.995121263205051232e-01
1.451332838309772999e+00 4.857202769989743540e-04 9.995142783130520625e-01
1.457157353169899361e+00 4.836427596445560281e-04 9.995163558438266982e-01
1.463005243077058815e+00 4.816285409752485425e-04 9.995183700750860378e-01
1.468876601840407137e+00 4.796997447072500658e-04 9.995202988836708879e-01
1.474771523645577398e+00 4.778672406101398145e-04 9.995221313998295942e-01
1.480690103056189200e+00 4.762010144236565406e-04 9.995237976376293298e-01
1.486632435015367459e+00 4.745174207862570045e-04 9.995254812429528180e-01
1.492598614847264082e+00 4.728164600871997102e-04 9.995271822154101482e-01
1.498588738258587849e+00 4.711001801418083297e-04 9.995288985072457999e-01
1.504602901340138965e+00 4.693663280045877700e-04 9.995306323713372132e-01
1.510641200568351383e+00 4.676125329649787445e-04 9.995323861783228514e-01
1.516703732806839566e+00 4.658384478289067645e-04 9.995341602753999855e-01
1.522790595307953465e+00 4.640403766776873959e-04 9.995359583585302632e-01
1.528901885714337050e+00 4.622430934600451897e-04 9.995377556537031749e-01
1.535037702060496168e+00 4.604074855160423261e-04 9.995395912739256650e-01
1.541198142774370394e+00 4.586805075148973421e-04 9.995413182613387404e-01
1.547383306678911330e+00 4.573250503123262077e-04 9.995426737280654894e-01
1.553593292993669772e+00 4.559286191391957255e-04 9.995440701688904639e-01
1.559828201336385112e+00 4.545210294228114035e-04 9.995454777683234759e-01
1.566088131724585386e+00 4.530877359268392916e-04 9.995469110714964023e-01
1.572373184577189997e+00 4.515961269600340293e-04 9.995484026899780217e-01
1.578683460716121978e+00 4.500887120843148170e-04 9.995499101140667975e-01
1.585019061367924031e+00 4.486004431592890041e-04 9.995513983920016887e-01
1.591380088165383455e+00 4.470246045336815992e-04 9.995529742398615580e-01
1.597766643149161947e+00 4.454406039972523502e-04 9.995545582496057069e-01
1.604178828769432741e+00 4.439513174757930966e-04 9.995560475449885018e-01
1.610616747887523958e+00 4.425146438395558056e-04 9.995574842275236627e-01
1.617080503777568179e+00 4.412271887702962515e-04 9.995587716906618736e-01
1.623570200128160224e+00 4.401872808381198277e-04 9.995598116052825111e-01
1.630085941044017828e+00 4.392544253590099836e-04 9.995607444667953256e-01
1.636627831047658521e+00 4.383007321586027626e-04 9.995616981660319089e-01
1.643195975081066962e+00 4.373265448530632544e-04 9.995626723593268315e-01
1.649790478507383584e+00 4.363315032429310311e-04 9.995636674069080518e-01
1.656411447112595026e+00 4.353144340428007379e-04 9.995646844821777233e-01
1.663058987107229880e+00 4.342506644390157003e-04 9.995657482580333486e-01
1.669733205128062448e+00 4.331350529596146321e-04 9.995668638759637181e-01
1.676434208239823587e+00 4.320663192717481382e-04 9.995679326159628841e-01
1.683162103936918896e+00 4.310403458516164901e-04 9.995689585956126777e-01
1.689917000145151782e+00 4.300521515746717001e-04 9.995699467961078888e-01
1.696699005223455625e+00 4.291282677650292538e-04 9.995708706857748815e-01
1.703508227965631727e+00 4.282868975991446412e-04 9.995717120613463180e-01
1.710344777602094801e+00 4.275633056635872679e-04 9.995724356580582004e-01
1.717208763801624904e+00 4.268221456581823884e-04 9.995731768228989234e-01
1.724100296673126920e+00 4.260633103269861302e-04 9.995739356631241357e-01
1.731019486767396476e+00 4.252883977930483500e-04 9.995747105807040178e-01
1.737966445078894084e+00 4.244958023176775125e-04 9.995755031812945113e-01
1.744941283047524605e+00 4.236829446357642370e-04 9.995763160440264139e-01
1.751944112560426037e+00 4.228497107315609964e-04 9.995771492829139682e-01
1.758975045953763416e+00 4.219928827754431799e-04 9.995780061159598162e-01
1.766034196014531821e+00 4.211314188906418901e-04 9.995788675849481830e-01
1.773121675982364476e+00 4.202382149851625632e-04 9.995797607944321150e-01
1.780237599551350414e+00 4.196152651116012103e-04 9.995803837487053922e-01
1.787382080871857459e+00 4.192335247600541791e-04 9.995807654923164476e-01
1.794555234552364320e+00 4.188607771008337260e-04 9.995811382431371017e-01
1.801757175661297783e+00 4.184721383348143889e-04 9.995815268851064861e-01
1.808988019728879459e+00 4.180678634584633060e-04 9.995819311632569981e-01
1.816247882748979414e+00 4.176519712928853170e-04 9.995823470588049986e-01
1.823536881180975788e+00 4.171895927109696531e-04 9.995828094410578180e-01
1.830855131951623971e+00 4.165715315236606089e-04 9.995834275065650365e-01
1.838202752456931544e+00 4.160495195361272680e-04 9.995839495224257965e-01
1.845579860564042107e+00 4.156215574909511595e-04 9.995843774878633292e-01
1.852986574613125770e+00 4.152782150063915874e-04 9.995847208332571121e-01
1.860423013419277627e+00 4.149717832913867575e-04 9.995850272641468859e-01
1.867889296274423128e+00 4.147596579944053856e-04 9.995852393906003996e-01
1.875385542949232764e+00 4.146275476010610533e-04 9.995853715037573695e-01
1.882911873695042759e+00 4.145537052171709689e-04 9.995854453495199854e-01
1.890468409245783521e+00 4.145409156599476298e-04 9.995854581413315953e-01
1.898055270819917872e+00 4.145216452952366765e-04 9.995854774130819020e-01
1.905672580122384385e+00 4.145539666408915307e-04 9.995854450974794858e-01
1.913320459346550040e+00 4.145434141258511973e-04 9.995854556523205980e-01
1.920999031176170213e+00 4.145225029474568614e-04 9.995854765622896876e-01
1.928708418787357326e+00 4.144303363828464107e-04 9.995855687283621283e-01
1.936448745850555930e+00 4.141996924184649818e-04 9.995857993726950941e-01
1.944220136532527565e+00 4.140957536114916364e-04 9.995859033124192550e-01
1.952022715498341610e+00 4.141623782103822119e-04 9.995858366900746139e-01
1.959856607913375459e+00 4.143525831030872922e-04 9.995856464878868364e-01
1.967721939445322921e+00 4.145801696277670785e-04 9.995854189029051984e-01
1.975618836266209266e+00 4.148538728623880206e-04 9.995851451985104941e-01
1.983547425054415614e+00 4.151574463254073880e-04 9.995848416242766321e-01
1.991507832996710858e+00 4.155084797756589056e-04 9.995844905917524725e-01
1.999500187790292705e+00 4.159053285743609125e-04 9.995840937455146014e-01
2.007524617644834919e+00 4.162754007238095712e-04 9.995837236738547293e-01
2.015581251284544795e+00 4.165643999903064117e-04 9.995834346739479459e-01
2.023670217950228167e+00 4.167145152161679010e-04 9.995832845568229930e-01
2.031791647401361978e+00 4.168391739620969094e-04 9.995831598979598720e-01
2.039945669918176385e+00 4.170920843130904014e-04 9.995829069879692552e-01
2.048132416303744652e+00 4.176853181080680951e-04 9.995823137534022296e-01
2.056352017886081462e+00 4.185326461601847087e-04 9.995814664238613645e-01
2.064604606520248353e+00 4.195855270800780850e-04 9.995804135413701719e-01
2.072890314590471572e+00 4.207342755685149747e-04 9.995792647909929052e-01
2.081209275012262605e+00 4.218618977673435850e-04 9.995781371663049475e-01
2.089561621234552469e+00 4.229675369053283065e-04 9.995770315238871051e-01
2.097947487241832221e+00 4.240518305560050439e-04 9.995759472267615742e-01
2.106367007556301463e+00 4.250945641263726153e-04 9.995749044890392954e-01
2.114820317240026171e+00 4.261358726377317266e-04 9.995738631766828419e-01
2.123307551897107182e+00 4.271383517011629054e-04 9.995728606948043327e-01
2.131828847675852234e+00 4.281621186499624115e-04 9.995718369256128000e-01
2.140384341270963997e+00 4.293406757325999809e-04 9.995706583658658939e-01
2.148974169925728983e+00 4.306879833573642514e-04 9.995693110553836025e-01
2.157598471434222454e+00 4.321722602900898648e-04 9.995678267746295198e-01
2.166257384143515541e+00 4.338825787663788615e-04 9.995661164507362306e-01
2.174951046955897471e+00 4.356325248581352852e-04 9.995643664989495303e-01
2.183679599331103116e+00 4.373761544119096449e-04 9.995626228637470856e-01
2.192443181288548093e+00 4.391113470814270799e-04 9.995608876655103225e-01
2.201241933409578078e+00 4.408514504721618762e-04 9.995591475562055628e-01
2.210075996839720780e+00 4.427018206733110352e-04 9.995572971795594341e-01
2.218945513290953020e+00 4.441318796775021809e-04 9.995558671154591845e-01
2.227850625043971355e+00 4.457015323333787739e-04 9.995542974576646644e-01
2.236791474950477365e+00 4.473918423535553431e-04 9.995526071429138293e-01
2.245768206435466041e+00 4.492653488896872845e-04 9.995507336311302282e-01
2.254780963499529278e+00 4.514015751146042521e-04 9.995485973983112560e-01
2.263829890721163807e+00 4.538138381500019989e-04 9.995461851272603448e-01
2.272915133259092002e+00 4.562983563739559539e-04 9.995437006007437120e-01
2.282036836854589801e+00 4.588568140848665205e-04 9.995411421344559955e-01
2.291195147833823942e+00 4.615648067476850144e-04 9.995384341326130073e-01
2.300390213110201199e+00 4.642946179912607824e-04 9.995357043121229079e-01
2.309622180186722495e+00 4.670329060739702846e-04 9.995329660148063455e-01
2.318891197158351236e+00 4.697794043138976586e-04 9.995302195072962581e-01
2.328197412714387848e+00 4.725363739058044475e-04 9.995274625284122916e-01
2.337540976140855875e+00 4.752983010474526749e-04 9.995247005919023486e-01
2.346922037322895616e+00 4.780614776826702227e-04 9.995219374058514905e-01
2.356340746747168868e+00 4.808388596742013254e-04 9.995191600143522592e-01
2.365797255504273888e+00 4.836918101787980335e-04 9.995163070544234030e-01
2.375291715291168337e+00 4.875706142245268132e-04 9.995124282368383906e-01
2.384824278413602006e+00 4.915600459180315737e-04 9.995084387911389312e-01
2.394395097788561966e+00 4.956355768956587603e-04 9.995043632457912830e-01
2.404004326946723502e+00 4.998550877627678688e-04 9.995001437199289018e-01
2.413652120034914361e+00 5.041086555802530263e-04 9.994958901369835891e-01
2.423338631818587441e+00 5.083948238406917498e-04 9.994916039534930130e-01
2.433064017684302804e+00 5.127137445060630638e-04 9.994872850174457701e-01
2.442828433642219910e+00 5.170678781142573751e-04 9.994829308682077196e-01
2.452632036328602272e+00 5.214532351156111805e-04 9.994785454954635551e-01
2.462474983008328344e+00 5.258651841533235928e-04 9.994741335306643881e-01
2.472357431577414388e+00 5.303147058949768487e-04 9.994696839929864129e-01
2.482279540565548004e+00 5.347966510411893094e-04 9.994652020315637486e-01
2.492241469138631427e+00 5.401591906621168622e-04 9.994598394724625301e-01
2.502243377101333266e+00 5.458561854699488063e-04 9.994541424567223720e-01
2.512285424899654451e+00 5.517084903147751471e-04 9.994482901302619293e-01
2.522367773623499954e+00 5.577821550970535206e-04 9.994422164428977684e-01
2.532490585009263384e+00 5.639248844459770040e-04 9.994360736906378051e-01
2.542654021442421808e+00 5.701373125060840187e-04 9.994298612393340830e-01
2.552858245960141215e+00 5.764200671142341061e-04 9.994235784611371631e-01
2.563103422253890873e+00 5.827737449485712257e-04 9.994172247593143821e-01
2.573389714672066564e+00 5.891993372595553469e-04 9.994107991427672033e-01
2.583717288222638242e+00 5.956958424550789317e-04 9.994043026125325468e-01
2.594086308575781263e+00 6.022545306953560251e-04 9.993977438983977502e-01
2.604496942066543141e+00 6.088896255337372665e-04 9.993911087794188353e-01
2.614949355697511191e+00 6.164328216150051802e-04 9.993835655536069673e-01
2.625443717141489941e+00 6.243010939797633821e-04 9.993756972496483648e-01
2.635980194744191873e+00 6.322987063328775999e-04 9.993676996048903582e-01
2.646558957526936595e+00 6.404281347086723461e-04 9.993595701433223288e-01
2.657180175189364224e+00 6.486999810398658573e-04 9.993512982630092800e-01
2.667844018112155435e+00 6.570815841201132872e-04 9.993429166253082752e-01
2.678550657359766163e+00 6.655808936178674549e-04 9.993344172805584957e-01
2.689300264683171626e+00 6.741958293498308274e-04 9.993258023089712783e-01
2.700093012522621017e+00 6.829292700696129202e-04 9.993170688317152273e-01
2.710929074010402839e+00 6.917812808052550616e-04 9.993082167839032470e-01
2.721808622973624470e+00 7.007468890812546111e-04 9.992992511370614173e-01
2.732731833936998811e+00 7.098438960830051473e-04 9.992901540916649950e-01
2.743698882125644278e+00 7.201184845627927288e-04 9.992798794599061507e-01
2.754709943467896327e+00 7.310680047887683141e-04 9.992689298923940200e-01
2.765765194598128307e+00 7.422193045843903866e-04 9.992577785441483229e-01
2.776864812859586973e+00 7.537166781892531064e-04 9.992462811203528528e-01
2.788008976307235098e+00 7.653839188030148047e-04 9.992346138284746715e-01
2.799197863710609191e+00 7.772468318032330547e-04 9.992227508630219246e-01
2.810431654556687420e+00 7.893132457497461108e-04 9.992106843957176965e-01
2.821710529052767313e+00 8.015774974057362145e-04 9.991984200891558254e-01
2.833034668129358558e+00 8.140424975342350124e-04 9.991859550326980255e-01
2.844404253443082897e+00 8.267103336926378979e-04 9.991732871392691173e-01
2.855819467379591803e+00 8.395584356017648511e-04 9.991604389782092754e-01
2.867280493056488133e+00 8.528137887059655635e-04 9.991471835642669053e-01
2.878787514326266450e+00 8.673146367339897500e-04 9.991326826476046863e-01
2.890340715779261771e+00 8.823111751633239391e-04 9.991176860370071244e-01
2.901940282746609423e+00 8.975889197534737398e-04 9.991024082182800026e-01
2.913586401303219997e+00 9.131532530198674174e-04 9.990868438088535974e-01
2.925279258270761851e+00 9.290235202582944113e-04 9.990709734633729244e-01
2.937019041220661375e+00 9.451793634331521555e-04 9.990548175398218378e-01
2.948805938477108146e+00 9.616252278860416575e-04 9.990383715928018438e-01
2.960640139120078285e+00 9.783625625142179129e-04 9.990216341733987315e-01
2.972521832988367585e+00 9.954669874356614212e-04 9.990045296613840886e-01
2.984451210682635303e+00 1.012863173304276226e-03 9.989871333859930980e-01
2.996428463568463929e+00 1.030550227346748284e-03 9.989694462401270680e-01
3.008453783779426960e+00 1.049240420919556700e-03 9.989507559499467559e-01
3.020527364220171762e+00 1.071260577776269197e-03 9.989287356790469419e-01
3.032649398569513544e+00 1.094171791553434896e-03 9.989058243454914665e-01
3.044820081283544422e+00 1.117629055773934057e-03 9.988823669576517572e-01
3.057039607598749598e+00 1.141652825729282420e-03 9.988583430601259971e-01
3.069308173535141737e+00 1.166219048098817487e-03 9.988337767060108119e-01
3.081625975899403791e+00 1.191340000214516056e-03 9.988086556178371600e-01
3.093993212288047356e+00 1.217024750855240974e-03 9.987829707263783385e-01
3.106410081090581699e+00 1.243417200309579170e-03 9.987565781312685020e-01
3.118876781492696537e+00 1.270333947295857434e-03 9.987296612344576108e-01
3.131393513479457269e+00 1.297862177417163096e-03 9.987021328487738492e-01
3.143960477838512180e+00 1.326109749203035126e-03 9.986738851176526488e-01
3.156577876163314755e+00 1.356044997166121419e-03 9.986439496969243823e-01
3.169245910856357540e+00 1.389558770133831863e-03 9.986104357319594005e-01
3.181964785132416651e+00 1.425355325719805406e-03 9.985746389700510539e-01
3.194734703021814948e+00 1.462140297755585606e-03 9.985378537834365131e-01
3.207555869373692747e+00 1.499942133304080433e-03 9.985000517247137886e-01
3.220428489859294530e+00 1.538785527150789145e-03 9.984612080987270710e-01
3.233352770975268964e+00 1.578659408499296073e-03 9.984213339757509464e-01
3.246328920046979594e+00 1.619669064114203760e-03 9.983803240689201886e-01
3.259357145231833286e+00 1.662047520162768808e-03 9.983379453527732039e-01
3.272437655522616229e+00 1.705516208367093998e-03 9.982944763934241683e-01
3.285570660750849914e+00 1.750278144215020645e-03 9.982497141758365222e-01
3.298756371590153780e+00 1.796369659717272482e-03 9.982036223667585251e-01
3.311994999559627839e+00 1.844464966684959163e-03 9.981555267515590524e-01
3.325286757027243745e+00 1.903470091812939401e-03 9.980965212563506217e-01
3.338631857213251397e+00 1.970013590344692027e-03 9.980299773392303786e-01
3.352030514193601540e+00 2.039672590331847394e-03 9.979603178964018273e-01
3.365482942903377239e+00 2.112011644703444286e-03 9.978879783761360756e-01
3.378989359140242676e+00 2.187141558654827778e-03 9.978128479719721167e-01
3.392549979567905716e+00 2.265177438019936457e-03 9.977348115767579184e-01
3.406165021719592900e+00 2.346215713168604920e-03 9.976537727585119697e-01
3.419834704001538217e+00 2.430522351002304109e-03 9.975694655512518105e-01
3.433559245696489182e+00 2.518068328579087592e-03 9.974819189731711777e-01
3.447338866967220028e+00 2.609114199089504049e-03 9.973908724716181728e-01
3.461173788860069322e+00 2.704455037700275767e-03 9.972955309653340761e-01
3.475064233308479800e+00 2.808940940604955690e-03 9.971910443298956928e-01
3.489010423136563510e+00 2.951646070955402188e-03 9.970483382379610182e-01
3.503012582062673186e+00 3.108166341135674710e-03 9.968918169032100485e-01
3.517070934702992258e+00 3.273736141948599757e-03 9.967262459610936043e-01
3.531185706575138639e+00 3.448939470377355813e-03 9.965510414085979596e-01
3.545357124101780055e+00 3.634418708038722641e-03 9.963655608576025280e-01
3.559585414614268473e+00 3.830729055725093542e-03 9.961692491010919470e-01
3.573870806356286955e+00 4.038927798746888391e-03 9.959610488441429377e-01
3.588213528487508963e+00 4.259762513785852675e-03 9.957402125018391947e-01
3.602613811087275852e+00 4.494895211216123204e-03 9.955050780488174933e-01
3.617071885158288147e+00 4.746513831636405521e-03 9.952534575296722030e-01
3.631587982630309686e+00 5.025330394967511549e-03 9.949746388496422123e-01
3.646162336363889533e+00 5.389103497053222488e-03 9.946108630480369195e-01
3.660795180154096773e+00 5.900165745879091747e-03 9.940997970912200943e-01
3.675486748734271281e+00 6.481834348432945377e-03 9.935181242257060674e-01
3.690237277779788272e+00 7.130449388020854672e-03 9.928695043691815325e-01
3.705047003911840164e+00 7.856372790841031906e-03 9.921435755042565807e-01
3.719916164701231764e+00 8.672938810481591390e-03 9.913270032573033852e-01
3.734844998672190552e+00 9.596744913706743013e-03 9.904031900286438539e-01
3.749833745306194732e+00 1.065205549360996942e-02 9.893478712129986086e-01
3.764882645045813714e+00 1.187044898129656703e-02 9.881294681006221881e-01
3.779991939298564141e+00 1.329412328507137767e-02 9.867057824409735112e-01
3.795161870440784568e+00 1.498096316412328953e-02 9.850189289269285497e-01
3.810392681821523464e+00 1.700562108553648269e-02 9.829942545576295654e-01
3.825684617766439644e+00 1.944535822079399706e-02 9.805544973977659007e-01
3.841037923581726687e+00 2.237240206760939334e-02 9.776274292433382307e-01
3.856452845558043130e+00 2.586749190630528716e-02 9.741323100585792538e-01
3.871929630974467518e+00 3.000615786306830637e-02 9.699936088525358269e-01
3.887468528102461462e+00 3.485541090122881019e-02 9.651443138239629294e-01
3.903069786209854897e+00 4.045987856967241808e-02 9.595397967645058479e-01
3.918733655564844653e+00 4.683302051650013037e-02 9.531665975468452956e-01
3.934460387440006368e+00 5.396755479900498115e-02 9.460319977715735407e-01
3.950250234116329029e+00 6.182744934310256679e-02 9.381720293951947287e-01
3.966103448887259741e+00 7.034075270934365964e-02 9.296586440330113499e-01
3.982020286062766701e+00 7.940952761968955720e-02 9.205897794153886649e-01
3.998001000973419927e+00 8.891153698885061185e-02 9.110876733189481325e-01
4.014045849974486657e+00 9.870616981105392873e-02 9.012929376817060412e-01
4.030155090450044497e+00 1.087438731375699741e-01 8.912551258430052581e-01
4.046328980817107457e+00 1.192870061705397361e-01 8.807118757788643393e-01
4.062567780529771078e+00 1.303051730339265524e-01 8.696935831003393957e-01
4.078871750083388648e+00 1.417329306793744803e-01 8.582656910462892474e-01
4.095241151018723436e+00 1.534917497160666056e-01 8.465067293604986443e-01
4.111676245926167539e+00 1.655015549575283018e-01 8.344967736780046774e-01
4.128177298449940302e+00 1.776749002978472991e-01 8.223232706446673701e-01
4.144744573292326706e+00 1.899259431130864151e-01 8.100720635062675923e-01
4.161378336217917528e+00 2.021691666317770586e-01 7.978286697351992807e-01
4.178078854057876157e+00 2.143179525096560456e-01 7.856797084370484852e-01
4.194846394714216054e+00 2.262918468491581792e-01 7.737056343050602303e-01
4.211681227164101315e+00 2.380328510065098935e-01 7.619644469216858562e-01
4.228583621464158782e+00 2.497401975441468913e-01 7.502569133798735468e-01
4.245553848754812343e+00 2.616005451829015449e-01 7.383963703527437472e-01
4.262592181264630575e+00 2.735855499553527803e-01 7.264111617534356746e-01
4.279698892314694803e+00 2.856640465507464532e-01 7.143324530175383380e-01
4.296874256322984031e+00 2.978048589119975942e-01 7.021914202558576790e-01
4.314118548808775877e+00 3.099771124646238940e-01 6.900189381091437202e-01
4.331432046397067026e+00 3.221498625495238799e-01 6.778459515174588557e-01
4.348815026823010577e+00 3.342932555239384040e-01 6.657023142009704797e-01
4.366267768936372029e+00 3.463784593391024957e-01 6.536168581613646111e-01
4.383790552705998600e+00 3.583758678745982973e-01 6.416191901959309440e-01
4.401383659224317846e+00 3.702600297464440082e-01 6.297347615452411063e-01
4.419047370711839839e+00 3.820112752722913951e-01 6.179832426748329555e-01
4.436781970521687768e+00 3.936714424314172178e-01 6.063227986256860547e-01
4.454587743144141854e+00 4.053073830984025849e-01 5.946865723389195280e-01
4.472464974211205480e+00 4.169121782617556948e-01 5.830814834030887406e-01
4.490413950501183749e+00 4.284695444714648471e-01 5.715238160062615647e-01
4.508434959943286024e+00 4.399637848451440347e-01 5.600292643135118542e-01
4.526528291622245348e+00 4.513796896544463588e-01 5.486130396344282012e-01
4.544694235782952951e+00 4.627026037406818948e-01 5.372897974250774311e-01
4.562933083835117642e+00 4.739185207297431646e-01 5.260735435148536920e-01
4.581245128357938512e+00 4.850140986686266031e-01 5.149776203491212012e-01
4.599630663104798955e+00 4.959764422718588861e-01 5.040149232961933512e-01
4.618089983007976684e+00 5.067935409163045746e-01 4.931974630188731834e-01
4.636623384183379493e+00 5.174539898482757305e-01 4.825366443830737539e-01
4.655231163935292571e+00 5.279714293823525306e-01 4.720188337590826566e-01
4.673913620761145360e+00 5.383826312517542290e-01 4.616072533047758109e-01
4.692671054356305937e+00 5.486798001547066317e-01 4.513096972919514727e-01
4.711503765618882511e+00 5.588556971705601617e-01 4.411334046467015879e-01
4.730412056654555109e+00 5.689029154760217866e-01 4.310857822583515908e-01
4.749396230781417039e+00 5.788145848249146574e-01 4.211737004179398336e-01
4.768456592534846550e+00 5.885842380620168734e-01 4.114036264488249994e-01
4.787593447672385594e+00 5.982059578908163200e-01 4.017814777079229960e-01
4.806807103178649676e+00 6.076742581112853925e-01 3.923127405172955329e-01
4.826097867270249253e+00 6.169842306453419134e-01 3.830023229847717148e-01
4.845466049400736885e+00 6.261310649231761616e-01 3.738550359493171826e-01
4.864911960265566826e+00 6.351111122188991542e-01 3.648745277137526166e-01
4.884435911807085695e+00 6.439312028740687976e-01 3.560539816516449241e-01
4.904038217219528484e+00 6.526131410597548754e-01 3.473715840545107958e-01
4.923719190954050084e+00 6.611562652567437581e-01 3.388279935570900903e-01
4.943479148723765704e+00 6.695578282031280359e-01 3.304259575919212266e-01
4.963318407508814367e+00 6.778148392691633051e-01 3.221684660157022595e-01
4.983237285561448182e+00 6.859263122366514587e-01 3.140565046950302142e-01
5.003236102411132258e+00 6.938886887388689972e-01 3.060936342814576938e-01
5.023315178869674824e+00 7.017020342182084258e-01 2.982797912042596256e-01
5.043474837036370673e+00 7.093653229069388777e-01 2.906159984043903965e-01
5.063715400303170355e+00 7.168773024722790987e-01 2.831035045506662962e-01
5.084037193359865370e+00 7.242401449759187093e-01 2.757401345876427379e-01
5.104440542199299991e+00 7.314576854944147000e-01 2.685220661429124078e-01
5.124925774122596422e+00 7.385335529374261743e-01 2.614456796174531861e-01
5.145493217744410153e+00 7.454674073832648906e-01 2.545113130062625073e-01
5.166143202998195960e+00 7.522670811880545205e-01 2.477111267957876617e-01
5.186876061141506788e+00 7.589355223818617935e-01 2.410421699585135191e-01
5.207692124761301500e+00 7.654725052401265550e-01 2.345046689439292953e-01
5.228591727779283715e+00 7.718798731212680453e-01 2.280967706797417116e-01
5.249575205457259308e+00 7.781561364692395344e-01 2.218199674954425826e-01
5.270642894402508993e+00 7.843036956624614975e-01 2.156718621657111312e-01
5.291795132573196447e+00 7.903226363506516972e-01 2.096523713864428540e-01
5.313032259283781755e+00 7.962109609527149301e-01 2.037634935869475361e-01
5.334354615210468609e+00 8.019705159543407680e-01 1.980033908681522736e-01
5.355762542396670156e+00 8.076006754413277422e-01 1.923726879331821848e-01
5.377256384258490840e+00 8.130962003339180511e-01 1.868766233813746735e-01
5.398836485590242873e+00 8.184556637577110605e-01 1.815166230694164884e-01
5.420503192569970707e+00 8.236802310640938263e-01 1.762915185737218837e-01
5.442256852765005704e+00 8.287705009833239433e-01 1.712007113142240966e-01
5.464097815137545666e+00 8.337265466277812287e-01 1.662441313038388047e-01
5.486026430050247704e+00 8.385500624880145581e-01 1.614200808732551007e-01
5.508043049271850400e+00 8.432428736790196222e-01 1.567267323802331580e-01
5.530148025982819071e+00 8.478070142457003744e-01 1.521620513810559849e-01
5.552341714781005244e+00 8.522444667721014167e-01 1.477240674787125285e-01
5.574624471687343430e+00 8.565572192752279879e-01 1.434108117979661368e-01
5.596996654151555006e+00 8.607476131467750591e-01 1.392196865684693086e-01
5.619458621057884962e+00 8.648215548253459506e-01 1.351453652992294641e-01
5.642010732730860845e+00 8.687819560233919214e-01 1.311845129878315697e-01
5.664653350941067700e+00 8.726314029860723354e-01 1.273345543002910862e-01
5.687386838910957643e+00 8.763723810154366856e-01 1.235930006513279583e-01
5.710211561320672757e+00 8.800081431377145824e-01 1.199566993213039973e-01
5.733127884313896416e+00 8.835411231600300841e-01 1.164232073014930813e-01
5.756136175503725916e+00 8.869756580021240788e-01 1.129881967171137425e-01
5.779236803978569093e+00 8.903103444226778684e-01 1.096530276863594972e-01
5.802430140308066697e+00 8.935481765132060605e-01 1.064147041924945608e-01
5.825716556549036973e+00 8.966941502401745145e-01 1.032682282402586083e-01
5.849096426251442438e+00 8.997488332999917793e-01 1.002130435009458143e-01
5.872570124464383312e+00 9.027151315342583082e-01 9.724624767897818711e-02
5.896138027742114041e+00 9.055949667593516939e-01 9.436591638412646088e-02
5.919800514150081128e+00 9.083955101293610390e-01 9.156488038179631805e-02
5.943557963270992062e+00 9.111226346146543698e-01 8.883726812292011554e-02
5.967410756210902001e+00 9.137780423588298673e-01 8.618137904090374113e-02
5.991359275605327994e+00 9.163633463782034916e-01 8.359559111125215713e-02
6.015403905625387182e+00 9.188805378293782855e-01 8.107791078749650160e-02
6.039545031983957202e+00 9.213308349525712870e-01 7.862712619223313770e-02
6.063783041941866792e+00 9.237152174515111946e-01 7.624226610002360349e-02
6.088118324314107710e+00 9.260366737163732154e-01 7.392032952756973085e-02
6.112551269476068860e+00 9.282955135324122420e-01 7.166102060418691466e-02
6.137082269369802390e+00 9.304942257785340232e-01 6.946184887053576118e-02
6.161711717510308439e+00 9.326355902982325086e-01 6.732001644029349252e-02
6.186440008991848316e+00 9.347222381685145187e-01 6.523286555052638935e-02
6.211267540494283423e+00 9.367563307992595734e-01 6.319823876988865663e-02
6.236194710289437282e+00 9.387392748397672682e-01 6.121473029277708228e-02
6.261221918247485974e+00 9.406766107618302897e-01 5.927682142708425722e-02
6.286349565843369902e+00 9.425658639412137774e-01 5.738701350409911722e-02
6.311578056163238415e+00 9.444115573367564132e-01 5.554075587054382174e-02
6.336907793910910414e+00 9.462133250776348925e-01 5.373842491225293977e-02
6.362339185414372267e+00 9.479720722217196416e-01 5.197911578008505840e-02
6.387872638632289934e+00 9.496893387954136179e-01 5.026128352384402753e-02
6.413508563160553955e+00 9.513649629630205329e-01 4.858509721702623102e-02
6.439247370238867951e+00 9.530008060523434965e-01 4.694869193236880095e-02
6.465089472757313160e+00 9.545977994776638775e-01 4.535114082086490195e-02
6.491035285262993781e+00 9.561571498659561241e-01 4.379099050294617268e-02
6.517085223966682328e+00 9.576835053259095121e-01 4.226349092163807220e-02
6.543239706749496065e+00 9.591800137110797486e-01 4.076580051553061607e-02
6.569499153169600092e+00 9.606483977918919281e-01 3.929618736955436259e-02
6.595863984468937069e+00 9.620907447882409702e-01 3.785253087539512673e-02
6.622334623579986257e+00 9.635068189517123072e-01 3.643513615320469190e-02
6.648911495132547422e+00 9.648981063901801436e-01 3.504249826352258401e-02
6.675595025460550502e+00 9.662651916347037018e-01 3.367402378638894439e-02
6.702385642608898131e+00 9.676084848102706193e-01 3.232931153776900934e-02
6.729283776340329482e+00 9.689281031239049824e-01 3.100824888659960143e-02
6.756289858142316085e+00 9.702244316925116019e-01 2.971044829037587306e-02
6.783404321233980738e+00 9.714983801577691258e-01 2.843498986906437681e-02
6.810627600573051943e+00 9.727485766920548338e-01 2.718224726618041071e-02
6.837960132862836105e+00 9.739500023909668514e-01 2.594962983814796259e-02
6.865402356559225261e+00 9.751194358331541912e-01 2.473491714568037958e-02
6.892954711877731455e+00 9.762490939093548814e-01 2.353749634716596414e-02
6.920617640800546866e+00 9.773307783687479322e-01 2.235686019696311866e-02
6.948391587083635024e+00 9.783453012479847999e-01 2.119309692959388258e-02
6.976276996263846897e+00 9.792628633321477372e-01 2.004586758067752189e-02
7.004274315666073392e+00 9.800324901841847014e-01 1.891485236498111761e-02
7.032383994410413841e+00 9.805307660490227839e-01 1.779965971864756746e-02
7.060606483419387125e+00 9.805035647828113099e-01 1.670034763307690420e-02
7.088942235425160554e+00 9.797209407893814337e-01 1.561730086678873863e-02
7.117391704976816946e+00 9.784034445974388872e-01 1.455096038785006103e-02
7.145955348447640354e+00 9.772811539956813842e-01 1.350242745765640323e-02
7.174633624042442648e+00 9.759213061472291617e-01 1.250997656382699628e-02
7.203426991804910529e+00 9.737921122378685457e-01 1.158888539860739031e-02
7.232335913624984514e+00 9.707888362963474904e-01 1.073517176168857327e-02
7.261360853246274338e+00 9.668558552448626164e-01 9.945038419845840180e-03
7.290502276273489457e+00 9.620044766241954148e-01 9.214869945298364423e-03
7.319760650179914840e+00 9.562833461065545215e-01 8.541151162744198624e-03
7.349136444314908090e+00 9.497957398672767226e-01 7.920444339980401913e-03
7.378630129911424973e+00 9.426961616654113696e-01 7.349377276267196439e-03
7.408242180093585816e+00 9.351631159225904932e-01 6.824607023492956608e-03
7.437973069884257882e+00 9.273926594377750465e-01 6.342927668898610920e-03
7.467823276212680383e+00 9.195825762702738437e-01 5.901165948321891383e-03
7.497793277922113475e+00 9.118869243515224099e-01 5.495963504278485699e-03
7.527883555777518332e+00 9.039681527650762494e-01 5.120160861966734436e-03
7.558094592473271867e+00 8.956890518611986263e-01 4.770165677494326954e-03
7.588426872640908094e+00 8.871111351874461093e-01 4.444478862213341493e-03
7.618880882856893244e+00 8.782871412381874077e-01 4.141645331567297278e-03
7.649457111650430186e+00 8.692803327573458416e-01 3.860272727880982579e-03
7.680156049511298377e+00 8.601547938392055670e-01 3.599018634486688285e-03
7.710978188897716024e+00 8.509688652565889910e-01 3.356589658534103217e-03
7.741924024244246638e+00 8.417864408487496508e-01 3.131755390254095054e-03
7.772994051969724261e+00 8.326608584349062259e-01 2.923355644443820667e-03
7.804188770485223081e+00 8.236440648991080193e-01 2.730285992565959375e-03
7.835508680202046605e+00 8.147873867453472307e-01 2.551478631032763188e-03
7.866954283539760340e+00 8.061257087665900656e-01 2.385872034094096289e-03
7.898526084934247571e+00 7.974668055218784302e-01 2.231275108084431608e-03
7.930224590845803334e+00 7.887269679968703651e-01 2.086457316092475006e-03
7.962050309767256806e+00 7.799262880400313902e-01 1.950867083412630111e-03
7.994003752232130999e+00 7.710856776106702615e-01 1.823977212731612771e-03
8.026085430822831768e+00 7.622253539707148917e-01 1.705284400170664454e-03
8.058295860178867898e+00 7.533651281592055327e-01 1.594308293298554941e-03
8.090635557005111167e+00 7.445242859734115815e-01 1.490590954359881024e-03
8.123105040080078609e+00 7.357207036694265456e-01 1.393694314586503991e-03
8.155704830264262739e+00 7.269722588952596265e-01 1.303205096410827227e-03
8.188435450508480429e+00 7.183112172909473792e-01 1.218780592088648980e-03
8.221297425862266195e+00 7.097424711365483141e-01 1.140003080593769182e-03
8.254291283482286801e+00 7.012389390014093227e-01 1.066406486832505726e-03
8.287417552640812701e+00 6.927771970340171892e-01 9.975857890996198997e-04
8.320676764734191266e+00 6.843459645528587876e-01 9.331981662446673298e-04
8.354069453291383951e+00 6.759347666873116722e-01 8.729349904935226109e-04
8.387596153982515901e+00 6.675525198810310368e-01 8.165537097546619709e-04
8.421257404627480625e+00 6.592087471863097292e-01 7.638253388329660108e-04
8.455053745204549998e+00 6.509127606160661772e-01 7.145308938377425414e-04
8.488985717859055313e+00 6.426735114654821279e-01 6.684633158801470175e-04
8.523053866912070120e+00 6.344994949090062564e-01 6.254277657010415400e-04
8.557258738869148118e+00 6.263988382002728672e-01 5.852392218809239922e-04
8.591600882429089481e+00 6.183792917102066689e-01 5.477219055314767708e-04
8.626080848492740927e+00 6.104482884401668530e-01 5.127101425466129569e-04
8.660699190171836648e+00 6.026104565827619108e-01 4.800430969467898816e-04
8.695456462797865882e+00 5.948206222526095655e-01 4.494785364629645002e-04
8.730353223930986672e+00 5.870690729763481386e-01 4.208649687538779669e-04
8.765390033368964495e+00 5.793610025926867468e-01 3.940877905638008345e-04
8.800567453156158848e+00 5.717014496834995629e-01 3.690385297724550436e-04
8.835886047592532933e+00 5.640952744036221711e-01 3.456144899395274805e-04
8.871346383242709521e+00 5.565471514815698573e-01 3.237184677927433638e-04
8.906949028945057023e+00 5.490615603651454180e-01 3.032583819822271421e-04
8.942694555820821734e+00 5.416427839621597018e-01 2.841471193239661287e-04
8.978583537283276073e+00 5.342948809389389542e-01 2.663025584161001977e-04
9.014616549046930771e+00 5.270216941029571833e-01 2.496472118948426318e-04
9.050794169136761269e+00 5.198269497318095400e-01 2.341072651917249978e-04
9.087116977897483849e+00 5.127089470398732418e-01 2.196048252750282541e-04
9.123585558002867302e+00 5.056377236874554093e-01 2.060215225771862746e-04
9.160200494465071230e+00 4.986096935101468342e-01 1.932936532308092957e-04
9.196962374644042981e+00 4.916276553159019680e-01 1.813719507245103708e-04
9.233871788256928781e+00 4.846943106125069511e-01 1.702097276950889702e-04
9.270929327387539942e+00 4.778122618197086502e-01 1.597627526097832572e-04
9.308135586495849267e+00 4.709840108416349924e-01 1.499891337908877144e-04
9.345491162427526532e+00 4.642119571166309910e-01 1.408492000312167893e-04
9.382996654423514826e+00 4.574983842053045868e-01 1.323052669923922668e-04
9.420652664129637088e+00 4.508454743496480011e-01 1.243217473619635121e-04
9.458459795606257714e+00 4.442553158140473690e-01 1.168649708546483541e-04
9.496418655337961923e+00 4.377298627635181072e-01 1.099033550925593007e-04
9.534529852243295522e+00 4.312660938599403582e-01 1.033965607469612723e-04
9.572793997684520662e+00 4.248554773447235644e-01 9.729613533421051111e-05
9.611211705477433753e+00 4.184999362689519331e-01 9.157539213185892897e-05
9.649783591901204716e+00 4.122012735689011276e-01 8.621057978707475798e-05
9.688510275708271280e+00 4.059586949766452735e-01 8.118286096586317451e-05
9.727392378134252837e+00 3.997736329807792810e-01 7.647100760119887922e-05
9.766430522907926459e+00 3.936479964363971407e-01 7.205448617167091289e-05
9.805625336261229563e+00 3.875825778959294809e-01 6.791947736269887399e-05
9.844977446939301657e+00 3.815785423057045378e-01 6.405003137791304287e-05
9.884487486210575824e+00 3.756375549780974210e-01 6.042813749922018514e-05
9.924156087876902177e+00 3.697594116450384494e-01 5.703762534367438154e-05
9.963983888283713952e+00 3.639430785147864666e-01 5.386361583488345712e-05
1.000397152633024156e+01 3.581899688439880158e-01 5.089145063775972429e-05
1.004411964347975328e+01 3.524983963116355423e-01 4.810504095460658942e-05
1.008442888376983859e+01 3.468607933457192871e-01 4.548524459439676134e-05
1.012489989382278566e+01 3.412779020228054461e-01 4.302123106278648543e-05
1.016553332285588418e+01 3.357509745636875209e-01 4.070332354046164041e-05
1.020632982269188282e+01 3.302811960730839824e-01 3.852246427592045139e-05
1.024729004776944308e+01 3.248687536860100922e-01 3.647292356838444810e-05
1.028841465515362508e+01 3.195138113290442172e-01 3.454889789988642315e-05
1.032970430454643740e+01 3.142173797731077634e-01 3.274222533471461151e-05
1.037115965829741704e+01 3.089804049075515202e-01 3.104530002603005334e-05
1.041278138141425025e+01 3.038030792553927939e-01 2.945061453554266313e-05
1.045457014157345021e+01 2.986800277138277893e-01 2.794800616859950646e-05
1.049652660913105429e+01 2.936106486687192207e-01 2.653104878965173216e-05
1.053865145713338869e+01 2.885957882692289922e-01 2.519460972726123721e-05
1.058094536132786345e+01 2.836362388451546535e-01 2.393387494699050259e-05
1.062340900017380463e+01 2.787327390327867249e-01 2.274432885470168710e-05
1.066604305485334692e+01 2.738859739996486464e-01 2.162173539524528103e-05
1.070884820928235648e+01 2.690958089595659186e-01 2.056217265984565002e-05
1.075182515012140350e+01 2.643593124163342578e-01 1.956213617667329062e-05
1.079497456678677558e+01 2.596766681811748523e-01 1.861811748235406928e-05
1.083829715146153738e+01 2.550484623526003136e-01 1.772679589102507458e-05
1.088179359910663635e+01 2.504752340996103110e-01 1.688505640398232344e-05
1.092546460747205117e+01 2.459574760279797934e-01 1.608997664236932741e-05
1.096931087710797925e+01 2.414956346189861547e-01 1.533881462638075392e-05
1.101333311137608284e+01 2.370882002336340277e-01 1.462725072784273277e-05
1.105753201646076178e+01 2.327329395804509649e-01 1.395075975903696424e-05
1.110190830138049733e+01 2.284301854701791257e-01 1.330753108272240047e-05
1.114646267799920487e+01 2.241793433954561710e-01 1.269563240871460684e-05
1.119119586103767539e+01 2.199805135644619380e-01 1.211343267275090643e-05
1.123610856808502056e+01 2.158337871405609787e-01 1.155964095266054905e-05
1.128120151961020312e+01 2.117389761448619789e-01 1.103317789704049861e-05
1.132647543897357600e+01 2.076963430603589733e-01 1.053267755770059427e-05
1.137193105243849978e+01 2.037057541494081692e-01 1.005708922028461333e-05
1.141756908918298663e+01 1.997671157026407740e-01 9.605362466122141705e-06
1.146339028131139948e+01 1.958803791158397756e-01 9.176437942930982091e-06
1.150939536386619721e+01 1.920440326172363210e-01 8.768514737829725077e-06
1.155558507483971908e+01 1.882516336314251082e-01 8.377450611294198613e-06
1.160196015518603296e+01 1.845023569995410673e-01 8.002242834319131062e-06
1.164852134883281742e+01 1.807961175461955949e-01 7.642296567537982404e-06
1.169526940269328996e+01 1.771328223797287160e-01 7.297038290984542350e-06
1.174220506667819741e+01 1.735123715790360399e-01 6.965915050979366433e-06
1.178932909370784188e+01 1.699346588619831400e-01 6.648393735070879281e-06
1.183664223972415819e+01 1.663995644007588703e-01 6.343960329442308892e-06
1.188414526370283752e+01 1.629066106168530204e-01 6.052117511086617308e-06
1.193183892766551146e+01 1.594556217720016211e-01 5.772387480728036146e-06
1.197972399669196619e+01 1.560466630929514820e-01 5.504310803343659353e-06
1.202780123893242248e+01 1.526797885371827257e-01 5.247444462128273474e-06
1.207607142561985114e+01 1.493550410952317331e-01 5.001361285255622839e-06
1.212453533108235604e+01 1.460724530869174087e-01 4.765649391970015218e-06
1.217319373275558014e+01 1.428323036654870759e-01 4.539914132292087830e-06
1.222204741119519156e+01 1.396349229984883145e-01 4.323775375724465732e-06
1.227109715008939617e+01 1.364800402907934140e-01 4.116861041317764355e-06
1.232034373627150892e+01 1.333673762608594826e-01 3.918812637267715417e-06
1.236978795973258016e+01 1.302966562783016979e-01 3.729284881920709273e-06
1.241943061363406819e+01 1.272676108591862532e-01 3.547945218890123069e-06
1.246927249432055973e+01 1.242800743777667111e-01 3.374518336032125065e-06
1.251931440133254370e+01 1.213340372212641655e-01 3.208802115971724915e-06
1.256955713741924363e+01 1.184291019758630520e-01 3.050423061598132058e-06
1.262000150855148561e+01 1.155648567356451495e-01 2.899017913012994519e-06
1.267064832393463547e+01 1.127409062574075277e-01 2.754246494937776563e-06
1.272149839602157506e+01 1.099568723341051157e-01 2.615790181063468040e-06
1.277255254052573719e+01 1.072125159101663672e-01 2.483331452726779007e-06
1.282381157643419201e+01 1.045078279079710987e-01 2.356541636288384711e-06
1.287527632602077965e+01 1.018422874685994267e-01 2.235193313007982855e-06
1.292694761485930499e+01 9.921535954829502346e-02 2.119076276446582965e-06
1.297882627183678572e+01 9.662654192330964731e-02 2.007989487451740208e-06
1.303091312916673772e+01 9.407536532904679782e-02 1.901740578838914309e-06
1.308320902240253147e+01 9.156248048943586848e-02 1.800225221414861540e-06
1.313571479045079826e+01 8.908927607004456239e-02 1.703387400808435879e-06
1.318843127558488071e+01 8.665392330422687361e-02 1.610938811207873505e-06
1.324135932345835442e+01 8.425459887698506789e-02 1.522609470255275914e-06
1.329449978311857805e+01 8.188962143047748277e-02 1.438155675620784825e-06
1.334785350702032680e+01 7.955671470207628659e-02 1.357302636310019502e-06
1.340142135103946686e+01 7.725429438408161487e-02 1.279844468439342185e-06
1.345520417448667239e+01 7.498187576258705245e-02 1.205664309312362217e-06
1.350920284012122430e+01 7.273905541838462940e-02 1.134652485323848251e-06
1.356341821416484272e+01 7.052556673845515600e-02 1.066707500971887706e-06
1.361785116631558168e+01 6.834171821375976952e-02 1.001747531174056612e-06
1.367250256976178946e+01 6.618710669359838261e-02 9.396724636598409262e-07
1.372737330119610277e+01 6.406119801525331225e-02 8.803824315514345191e-07
1.378246424082952259e+01 6.196357458848609362e-02 8.237845210780556980e-07
1.383777627240552022e+01 5.989436822157299944e-02 7.698020698127313014e-07
1.389331028321423211e+01 5.785395987952031416e-02 7.183654836477735477e-07
1.394906716410667613e+01 5.584152226823235754e-02 6.693797909007365915e-07
1.400504780950905115e+01 5.385636493818483916e-02 6.227572630368665502e-07
1.406125311743708473e+01 5.189802187837998237e-02 5.784186759311705548e-07
1.411768398951043579e+01 4.996678057648400867e-02 5.363058975136291938e-07
1.417434133096716131e+01 4.806225376338377209e-02 4.963426264754338290e-07
1.423122605067823265e+01 4.618395727646453647e-02 4.584517193548979849e-07
1.428833906116211949e+01 4.433218394930423661e-02 4.225735773708957794e-07
1.434568127859942699e+01 4.250648512626122033e-02 3.886357486042466222e-07
1.440325362284759514e+01 4.070626504349267316e-02 3.565660231927111612e-07
1.446105701745564964e+01 3.893201900695180545e-02 3.263148891159553314e-07
1.451909238967902027e+01 3.718323663812665020e-02 2.978134060766308706e-07
1.457736067049441431e+01 3.545912981100455413e-02 2.709901175826538152e-07
1.463586279461475037e+01 3.376055492004911146e-02 2.458045094603755247e-07
1.469459970050415798e+01 3.208675927271428807e-02 2.221869508231385517e-07
1.475357233039302152e+01 3.043653725216009798e-02 2.000636595505069530e-07
1.481278163029310768e+01 2.881023823512253099e-02 1.793851195165872589e-07
1.487222855001272848e+01 2.720733813610084345e-02 1.600954273714031345e-07
1.493191404317198945e+01 2.562812461710187173e-02 1.421519467947431721e-07
1.499183906721807524e+01 2.407181758819257333e-02 1.255004604530368489e-07
1.505200458344061865e+01 2.253891125734056033e-02 1.101024313416310232e-07
1.511241155698711758e+01 2.102841183609023903e-02 9.590464012002654250e-08
1.517306095687841427e+01 1.954123393349800966e-02 8.287389855771493960e-08
1.523395375602424373e+01 1.807577740381687698e-02 7.095464825724443155e-08
1.529509093123884078e+01 1.663225606202606982e-02 6.010958610563548457e-08
1.535647346325660934e+01 1.521077461310435877e-02 5.030023120754716415e-08
1.541810233674785025e+01 1.381095114424172807e-02 4.148722518984288235e-08
1.547997854033456555e+01 1.243245422360867401e-02 3.363329949466832662e-08
1.554210306660630891e+01 1.107520043499995652e-02 2.670215618684440040e-08
1.560447691213611243e+01 9.738170077323651808e-03 2.065326475601729284e-08
1.566710107749647740e+01 8.421880443273169550e-03 1.545451006227450854e-08
1.572997656727541482e+01 7.126351109688532082e-03 1.107146852938164474e-08
1.579310439009256939e+01 5.850582443038754125e-03 7.467528403460673529e-09
1.585648555861539677e+01 4.595147900308030331e-03 4.611799797491444176e-09
1.592012108957538885e+01 3.359651179651320253e-03 2.471084046001938893e-09
1.598401200378445175e+01 2.144158410068756036e-03 1.013775782708869689e-09
1.604815932615118612e+01 9.484636288373000240e-04 2.082781090452710690e-10
1.611256408569738596e+01 1.232651452564899058e-11 1.232651452564899058e-11
1.617722731557453741e+01 1.232651452564899058e-11 1.232651452564899058e-11
1.624215005308039039e+01 1.232651452564899058e-11 1.232651452564899058e-11
1.630733333967559062e+01 1.232651452564899058e-11 1.232651452564899058e-11
1.637277822100039870e+01 1.232651452564899058e-11 1.232651452564899058e-11
1.643848574689144826e+01 1.232651452564899058e-11 1.232651452564899058e-11
1.650445697139861068e+01 1.232651452564899058e-11 1.232651452564899058e-11
1.657069295280187404e+01 1.232651452564899058e-11 1.232651452564899058e-11
1.663719475362833933e+01 1.232651452564899058e-11 1.232651452564899058e-11
1.670396344066926986e+01 1.232651452564899058e-11 1.232651452564899058e-11
1.677100008499717987e+01 1.232651452564899058e-11 1.232651452564899058e-11
1.683830576198304030e+01 1.232651452564899058e-11 1.232651452564899058e-11
1.690588155131351655e+01 1.232651452564899058e-11 1.232651452564899058e-11
1.697372853700829509e+01 1.232651452564899058e-11 1.232651452564899058e-11
1.704184780743746686e+01 1.232651452564899058e-11 1.232651452564899058e-11
1.711024045533898530e+01 1.232651452564899058e-11 1.232651452564899058e-11
1.717890757783620970e+01 1.232651452564899058e-11 1.232651452564899058e-11
1.724785027645548396e+01 1.232651452564899058e-11 1.232651452564899058e-11
1.731706965714382207e+01 1.232651452564899058e-11 1.232651452564899058e-11
1.738656683028664673e+01 1.232651452564899058e-11 1.232651452564899058e-11
1.745634291072559563e+01 1.232651452564899058e-11 1.232651452564899058e-11
1.752639901777640574e+01 1.232651452564899058e-11 1.232651452564899058e-11
1.759673627524687589e+01 1.232651452564899058e-11 1.232651452564899058e-11
1.766735581145489675e+01 1.232651452564899058e-11 1.232651452564899058e-11
1.773825875924653062e+01 1.232651452564899058e-11 1.232651452564899058e-11
1.780944625601420839e+01 1.232651452564899058e-11 1.232651452564899058e-11
1.788091944371495856e+01 1.232651452564899058e-11 1.232651452564899058e-11
1.795267946888873922e+01 1.232651452564899058e-11 1.232651452564899058e-11
1.802472748267681624e+01 1.232651452564899058e-11 1.232651452564899058e-11
1.809706464084024091e+01 1.232651452564899058e-11 1.232651452564899058e-11
1.816969210377837740e+01 1.232651452564899058e-11 1.232651452564899058e-11
1.824261103654753313e+01 1.232651452564899058e-11 1.232651452564899058e-11
1.831582260887964253e+01 1.232651452564899058e-11 1.232651452564899058e-11
1.838932799520102179e+01 1.232651452564899058e-11 1.232651452564899058e-11
1.846312837465121603e+01 1.232651452564899058e-11 1.232651452564899058e-11
1.853722493110191749e+01 1.232651452564899058e-11 1.232651452564899058e-11
1.861161885317595832e+01 1.232651452564899058e-11 1.232651452564899058e-11
1.868631133426636026e+01 1.232651452564899058e-11 1.232651452564899058e-11
1.876130357255550507e+01 1.232651452564899058e-11 1.232651452564899058e-11
1.883659677103432983e+01 1.232651452564899058e-11 1.232651452564899058e-11
1.891219213752164663e+01 1.232651452564899058e-11 1.232651452564899058e-11
1.898809088468349415e+01 1.232651452564899058e-11 1.232651452564899058e-11
1.906429423005262080e+01 1.232651452564899058e-11 1.232651452564899058e-11
1.914080339604798553e+01 1.232651452564899058e-11 1.232651452564899058e-11
1.921761960999438656e+01 1.232651452564899058e-11 1.232651452564899058e-11
1.929474410414214347e+01 1.232651452564899058e-11 1.232651452564899058e-11
1.937217811568686798e+01 1.232651452564899058e-11 1.232651452564899058e-11
1.944992288678929881e+01 1.232651452564899058e-11 1.232651452564899058e-11
1.952797966459524659e+01 1.232651452564899058e-11 1.232651452564899058e-11
1.960634970125558141e+01 1.232651452564899058e-11 1.232651452564899058e-11
1.968503425394633055e+01 1.232651452564899058e-11 1.232651452564899058e-11
1.976403458488884368e+01 1.232651452564899058e-11 1.232651452564899058e-11
1.984335196137004331e+01 1.232651452564899058e-11 1.232651452564899058e-11
1.992298765576273922e+01 1.232651452564899058e-11 1.232651452564899058e-11
2.000294294554606012e+01 1.232651452564899058e-11 1.232651452564899058e-11
2.008321911332593501e+01 1.232651452564899058e-11 1.232651452564899058e-11
2.016381744685566701e+01 1.232651452564899058e-11 1.232651452564899058e-11
2.024473923905659589e+01 1.232651452564899058e-11 1.232651452564899058e-11
2.032598578803883882e+01 1.232651452564899058e-11 1.232651452564899058e-11
2.040755839712210573e+01 1.232651452564899058e-11 1.232651452564899058e-11
2.048945837485662125e+01 1.232651452564899058e-11 1.232651452564899058e-11
2.057168703504409280e+01 1.232651452564899058e-11 1.232651452564899058e-11
2.065424569675881727e+01 1.232651452564899058e-11 1.232651452564899058e-11
2.073713568436881260e+01 1.232651452564899058e-11 1.232651452564899058e-11
2.082035832755708071e+01 1.232651452564899058e-11 1.232651452564899058e-11
2.090391496134292026e+01 1.232651452564899058e-11 1.232651452564899058e-11
2.098780692610336729e+01 1.232651452564899058e-11 1.232651452564899058e-11
2.107203556759467489e+01 1.232651452564899058e-11 1.232651452564899058e-11
2.115660223697391018e+01 1.232651452564899058e-11 1.232651452564899058e-11
2.124150829082062941e+01 1.232651452564899058e-11 1.232651452564899058e-11
2.132675509115863832e+01 1.232651452564899058e-11 1.232651452564899058e-11
2.141234400547783423e+01 1.232651452564899058e-11 1.232651452564899058e-11
2.149827640675616180e+01 1.232651452564899058e-11 1.232651452564899058e-11
2.158455367348161147e+01 1.232651452564899058e-11 1.232651452564899058e-11
2.167117718967435991e+01 1.232651452564899058e-11 1.232651452564899058e-11
2.175814834490894611e+01 1.232651452564899058e-11 1.232651452564899058e-11
2.184546853433658598e+01 1.232651452564899058e-11 1.232651452564899058e-11
2.193313915870752595e+01 1.232651452564899058e-11 1.232651452564899058e-11
2.202116162439354596e+01 1.232651452564899058e-11 1.232651452564899058e-11
2.210953734341049071e+01 1.232651452564899058e-11 1.232651452564899058e-11
2.219826773344093596e+01 1.232651452564899058e-11 1.232651452564899058e-11
2.228735421785692239e+01 1.232651452564899058e-11 1.232651452564899058e-11
2.237679822574279953e+01 1.232651452564899058e-11 1.232651452564899058e-11
2.246660119191814076e+01 1.232651452564899058e-11 1.232651452564899058e-11
2.255676455696075777e+01 1.232651452564899058e-11 1.232651452564899058e-11
2.264728976722982523e+01 1.232651452564899058e-11 1.232651452564899058e-11
2.273817827488906218e+01 1.232651452564899058e-11 1.232651452564899058e-11
2.282943153793004498e+01 1.232651452564899058e-11 1.232651452564899058e-11
2.292105102019558416e+01 1.232651452564899058e-11 1.232651452564899058e-11
2.301303819140320783e+01 1.232651452564899058e-11 1.232651452564899058e-11
2.310539452716874464e+01 1.232651452564899058e-11 1.232651452564899058e-11
2.319812150902999193e+01 1.232651452564899058e-11 1.232651452564899058e-11
2.329122062447047625e+01 1.232651452564899058e-11 1.232651452564899058e-11
2.338469336694332057e+01 1.232651452564899058e-11 1.232651452564899058e-11
2.347854123589520725e+01 1.232651452564899058e-11 1.232651452564899058e-11
2.357276573679041576e+01 1.232651452564899058e-11 1.232651452564899058e-11
2.366736838113498820e+01 1.232651452564899058e-11 1.232651452564899058e-11
2.376235068650096594e+01 1.232651452564899058e-11 1.232651452564899058e-11
2.385771417655073989e+01 1.232651452564899058e-11 1.232651452564899058e-11
2.395346038106148612e+01 1.232651452564899058e-11 1.232651452564899058e-11
2.404959083594971858e+01 1.232651452564899058e-11 1.232651452564899058e-11
2.414610708329590594e+01 1.232651452564899058e-11 1.232651452564899058e-11
2.424301067136923393e+01 1.232651452564899058e-11 1.232651452564899058e-11
2.434030315465242467e+01 1.232651452564899058e-11 1.232651452564899058e-11
2.443798609386667309e+01 1.232651452564899058e-11 1.232651452564899058e-11
2.453606105599669718e+01 1.232651452564899058e-11 1.232651452564899058e-11
2.463452961431586274e+01 1.232651452564899058e-11 1.232651452564899058e-11
2.473339334841142190e+01 1.232651452564899058e-11 1.232651452564899058e-11
2.483265384420985455e+01 1.232651452564899058e-11 1.232651452564899058e-11
2.493231269400231653e+01 1.232651452564899058e-11 1.232651452564899058e-11
2.503237149647016579e+01 1.232651452564899058e-11 1.232651452564899058e-11
2.513283185671059172e+01 1.232651452564899058e-11 1.232651452564899058e-11
2.523369538626247177e+01 1.232651452564899058e-11 1.232651452564899058e-11
2.533496370313206114e+01 1.232651452564899058e-11 1.232651452564899058e-11
2.543663843181904483e+01 1.232651452564899058e-11 1.232651452564899058e-11
2.553872120334259321e+01 1.232651452564899058e-11 1.232651452564899058e-11
2.564121365526749585e+01 1.232651452564899058e-11 1.232651452564899058e-11
2.574411743173045863e+01 1.232651452564899058e-11 1.232651452564899058e-11
2.584743418346645782e+01 1.232651452564899058e-11 1.232651452564899058e-11
2.595116556783523976e+01 1.232651452564899058e-11 1.232651452564899058e-11
2.605531324884788091e+01 1.232651452564899058e-11 1.232651452564899058e-11
2.615987889719351145e+01 1.232651452564899058e-11 1.232651452564899058e-11
2.626486419026609553e+01 1.232651452564899058e-11 1.232651452564899058e-11
2.637027081219133962e+01 1.232651452564899058e-11 1.232651452564899058e-11
2.647610045385372146e+01 1.232651452564899058e-11 1.232651452564899058e-11
2.658235481292360092e+01 1.232651452564899058e-11 1.232651452564899058e-11
2.668903559388446212e+01 1.232651452564899058e-11 1.232651452564899058e-11
2.679614450806025161e+01 1.232651452564899058e-11 1.232651452564899058e-11
2.690368327364283019e+01 1.232651452564899058e-11 1.232651452564899058e-11
2.701165361571954193e+01 1.232651452564899058e-11 1.232651452564899058e-11
2.712005726630087921e+01 1.232651452564899058e-11 1.232651452564899058e-11
2.722889596434826487e+01 1.232651452564899058e-11 1.232651452564899058e-11
2.733817145580195884e+01 1.232651452564899058e-11 1.232651452564899058e-11
2.744788549360906060e+01 1.232651452564899058e-11 1.232651452564899058e-11
2.755803983775162180e+01 1.232651452564899058e-11 1.232651452564899058e-11
2.766863625527489390e+01 1.232651452564899058e-11 1.232651452564899058e-11
2.777967652031566104e+01 1.232651452564899058e-11 1.232651452564899058e-11
2.789116241413070441e+01 1.232651452564899058e-11 1.232651452564899058e-11
2.800309572512537670e+01 1.232651452564899058e-11 1.232651452564899058e-11
2.811547824888229030e+01 1.232651452564899058e-11 1.232651452564899058e-11
2.822831178819012621e+01 1.232651452564899058e-11 1.232651452564899058e-11
2.834159815307254604e+01 1.232651452564899058e-11 1.232651452564899058e-11
2.845533916081723191e+01 1.232651452564899058e-11 1.232651452564899058e-11
2.856953663600503290e+01 1.232651452564899058e-11 1.232651452564899058e-11
2.868419241053924296e+01 1.232651452564899058e-11 1.232651452564899058e-11
2.879930832367498184e+01 1.232651452564899058e-11 1.232651452564899058e-11
2.891488622204870396e+01 1.232651452564899058e-11 1.232651452564899058e-11
2.903092795970781026e+01 1.232651452564899058e-11 1.232651452564899058e-11
2.914743539814040574e+01 1.232651452564899058e-11 1.232651452564899058e-11
2.926441040630515289e+01 1.232651452564899058e-11 1.232651452564899058e-11
2.938185486066124241e+01 1.232651452564899058e-11 1.232651452564899058e-11
2.949977064519851311e+01 1.232651452564899058e-11 1.232651452564899058e-11
2.961815965146766771e+01 1.232651452564899058e-11 1.232651452564899058e-11
2.973702377861060597e+01 1.232651452564899058e-11 1.232651452564899058e-11
2.985636493339090336e+01 1.232651452564899058e-11 1.232651452564899058e-11
2.997618503022438929e+01 1.232651452564899058e-11 1.232651452564899058e-11
3.009648599120986390e+01 1.232651452564899058e-11 1.232651452564899058e-11
3.021726974615993200e+01 1.232651452564899058e-11 1.232651452564899058e-11
3.033853823263194727e+01 1.232651452564899058e-11 1.232651452564899058e-11
3.046029339595911267e+01 1.232651452564899058e-11 1.232651452564899058e-11
3.058253718928166620e+01 1.232651452564899058e-11 1.232651452564899058e-11
3.070527157357823711e+01 1.232651452564899058e-11 1.232651452564899058e-11
3.082849851769727678e+01 1.232651452564899058e-11 1.232651452564899058e-11
3.095221999838866367e+01 1.232651452564899058e-11 1.232651452564899058e-11
3.107643800033539705e+01 1.232651452564899058e-11 1.232651452564899058e-11
3.120115451618544355e+01 1.232651452564899058e-11 1.232651452564899058e-11
3.132637154658370449e+01 1.232651452564899058e-11 1.232651452564899058e-11
3.145209110020409682e+01 1.232651452564899058e-11 1.232651452564899058e-11
3.157831519378179053e+01 1.232651452564899058e-11 1.232651452564899058e-11
3.170504585214554893e+01 1.232651452564899058e-11 1.232651452564899058e-11
3.183228510825022184e+01 1.232651452564899058e-11 1.232651452564899058e-11
3.196003500320933455e+01 1.232651452564899058e-11 1.232651452564899058e-11
3.208829758632786167e+01 1.232651452564899058e-11 1.232651452564899058e-11
3.221707491513507904e+01 1.232651452564899058e-11 1.232651452564899058e-11
3.234636905541757557e+01 1.232651452564899058e-11 1.232651452564899058e-11
3.247618208125238937e+01 1.232651452564899058e-11 1.232651452564899058e-11
3.260651607504028249e+01 1.232651452564899058e-11 1.232651452564899058e-11
3.273737312753914352e+01 1.232651452564899058e-11 1.232651452564899058e-11
3.286875533789753945e+01 1.232651452564899058e-11 1.232651452564899058e-11
3.300066481368835980e+01 1.232651452564899058e-11 1.232651452564899058e-11
3.313310367094265985e+01 1.232651452564899058e-11 1.232651452564899058e-11
3.326607403418357478e+01 1.232651452564899058e-11 1.232651452564899058e-11
3.339957803646041867e+01 1.232651452564899058e-11 1.232651452564899058e-11
3.353361781938291131e+01 1.232651452564899058e-11 1.232651452564899058e-11
3.366819553315549030e+01 1.232651452564899058e-11 1.232651452564899058e-11
3.380331333661185766e+01 1.232651452564899058e-11 1.232651452564899058e-11
3.393897339724956908e+01 1.232651452564899058e-11 1.232651452564899058e-11
3.407517789126483621e+01 1.232651452564899058e-11 1.232651452564899058e-11
3.421192900358740019e+01 1.232651452564899058e-11 1.232651452564899058e-11
3.434922892791561821e+01 1.232651452564899058e-11 1.232651452564899058e-11
3.448707986675162829e+01 1.232651452564899058e-11 1.232651452564899058e-11
3.462548403143669162e+01 1.232651452564899058e-11 1.232651452564899058e-11
3.476444364218666294e+01 1.232651452564899058e-11 1.232651452564899058e-11
3.490396092812760998e+01 1.232651452564899058e-11 1.232651452564899058e-11
3.504403812733156087e+01 1.232651452564899058e-11 1.232651452564899058e-11
3.518467748685242213e+01 1.232651452564899058e-11 1.232651452564899058e-11
3.532588126276200313e+01 1.232651452564899058e-11 1.232651452564899058e-11
3.546765172018626089e+01 1.232651452564899058e-11 1.232651452564899058e-11
3.560999113334155197e+01 1.232651452564899058e-11 1.232651452564899058e-11
3.575290178557117571e+01 1.232651452564899058e-11 1.232651452564899058e-11
3.589638596938198845e+01 1.232651452564899058e-11 1.232651452564899058e-11
3.604044598648116704e+01 1.232651452564899058e-11 1.232651452564899058e-11
3.618508414781314286e+01 1.232651452564899058e-11 1.232651452564899058e-11
3.633030277359668503e+01 1.232651452564899058e-11 1.232651452564899058e-11
3.647610419336208309e+01 1.232651452564899058e-11 1.232651452564899058e-11
3.662249074598855003e+01 1.232651452564899058e-11 1.232651452564899058e-11
3.676946477974174599e+01 1.232651452564899058e-11 1.232651452564899058e-11
3.691702865231140862e+01 1.232651452564899058e-11 1.232651452564899058e-11
3.706518473084920373e+01 1.232651452564899058e-11 1.232651452564899058e-11
3.721393539200669665e+01 1.232651452564899058e-11 1.232651452564899058e-11
3.736328302197348705e+01 1.232651452564899058e-11 1.232651452564899058e-11
3.751323001651544331e+01 1.232651452564899058e-11 1.232651452564899058e-11
3.766377878101318544e+01 1.232651452564899058e-11 1.232651452564899058e-11
3.781493173050064627e+01 1.232651452564899058e-11 1.232651452564899058e-11
3.796669128970381024e+01 1.232651452564899058e-11 1.232651452564899058e-11
3.811905989307962983e+01 1.232651452564899058e-11 1.232651452564899058e-11
3.827203998485503433e+01 1.232651452564899058e-11 1.232651452564899058e-11
3.842563401906620868e+01 1.232651452564899058e-11 1.232651452564899058e-11
3.857984445959787934e+01 1.232651452564899058e-11 1.232651452564899058e-11
3.873467378022291285e+01 1.232651452564899058e-11 1.232651452564899058e-11
3.889012446464193573e+01 1.232651452564899058e-11 1.232651452564899058e-11
3.904619900652323139e+01 1.232651452564899058e-11 1.232651452564899058e-11
3.920289990954270110e+01 1.232651452564899058e-11 1.232651452564899058e-11
3.936022968742405226e+01 1.232651452564899058e-11 1.232651452564899058e-11
3.951819086397910752e+01 1.232651452564899058e-11 1.232651452564899058e-11
3.967678597314829148e+01 1.232651452564899058e-11 1.232651452564899058e-11
3.983601755904130215e+01 1.232651452564899058e-11 1.232651452564899058e-11
3.999588817597787482e+01 1.232651452564899058e-11 1.232651452564899058e-11
4.015640038852882299e+01 1.232651452564899058e-11 1.232651452564899058e-11
4.031755677155710771e+01 1.232651452564899058e-11 1.232651452564899058e-11
4.047935991025919122e+01 1.232651452564899058e-11 1.232651452564899058e-11
4.064181240020649710e+01 1.232651452564899058e-11 1.232651452564899058e-11
4.080491684738704095e+01 1.232651452564899058e-11 1.232651452564899058e-11
4.096867586824721741e+01 1.232651452564899058e-11 1.232651452564899058e-11
4.113309208973381459e+01 1.232651452564899058e-11 1.232651452564899058e-11
4.129816814933612079e+01 1.232651452564899058e-11 1.232651452564899058e-11
4.146390669512824445e+01 1.232651452564899058e-11 1.232651452564899058e-11
4.163031038581158327e+01 1.232651452564899058e-11 1.232651452564899058e-11
4.179738189075749943e+01 1.232651452564899058e-11 1.232651452564899058e-11
4.196512389005010846e+01 1.232651452564899058e-11 1.232651452564899058e-11
4.213353907452930258e+01 1.232651452564899058e-11 1.232651452564899058e-11
4.230263014583388781e+01 1.232651452564899058e-11 1.232651452564899058e-11
4.247239981644493412e+01 1.232651452564899058e-11 1.232651452564899058e-11
4.264285080972929620e+01 1.232651452564899058e-11 1.232651452564899058e-11
4.281398585998329764e+01 1.232651452564899058e-11 1.232651452564899058e-11
4.298580771247658561e+01 1.232651452564899058e-11 1.232651452564899058e-11
4.315831912349615607e+01 1.232651452564899058e-11 1.232651452564899058e-11
4.333152286039061352e+01 1.232651452564899058e-11 1.232651452564899058e-11
4.350542170161450883e+01 1.232651452564899058e-11 1.232651452564899058e-11
4.368001843677295426e+01 1.232651452564899058e-11 1.232651452564899058e-11
4.385531586666634496e+01 1.232651452564899058e-11 1.232651452564899058e-11
4.403131680333530795e+01 1.232651452564899058e-11 1.232651452564899058e-11
4.420802407010579316e+01 1.232651452564899058e-11 1.232651452564899058e-11
4.438544050163434918e+01 1.232651452564899058e-11 1.232651452564899058e-11
4.456356894395369039e+01 1.232651452564899058e-11 1.232651452564899058e-11
4.474241225451821435e+01 1.232651452564899058e-11 1.232651452564899058e-11
4.492197330224993124e+01 1.232651452564899058e-11 1.232651452564899058e-11
4.510225496758445729e+01 1.232651452564899058e-11 1.232651452564899058e-11
4.528326014251720721e+01 1.232651452564899058e-11 1.232651452564899058e-11
4.546499173064983523e+01 1.232651452564899058e-11 1.232651452564899058e-11
4.564745264723676144e+01 1.232651452564899058e-11 1.232651452564899058e-11
4.583064581923195391e+01 1.232651452564899058e-11 1.232651452564899058e-11
4.601457418533589561e+01 1.232651452564899058e-11 1.232651452564899058e-11
4.619924069604270755e+01 1.232651452564899058e-11 1.232651452564899058e-11
4.638464831368749941e+01 1.232651452564899058e-11 1.232651452564899058e-11
4.657080001249385504e+01 1.232651452564899058e-11 1.232651452564899058e-11
4.675769877862158097e+01 1.232651452564899058e-11 1.232651452564899058e-11
4.694534761021459701e+01 1.232651452564899058e-11 1.232651452564899058e-11
4.713374951744901864e+01 1.232651452564899058e-11 1.232651452564899058e-11
4.732290752258144551e+01 1.232651452564899058e-11 1.232651452564899058e-11
4.751282465999747018e+01 1.232651452564899058e-11 1.232651452564899058e-11
4.770350397626032901e+01 1.232651452564899058e-11 1.232651452564899058e-11
4.789494853015978038e+01 1.232651452564899058e-11 1.232651452564899058e-11
4.808716139276116053e+01 1.232651452564899058e-11 1.232651452564899058e-11
4.828014564745468107e+01 1.232651452564899058e-11 1.232651452564899058e-11
4.847390439000485429e+01 1.232651452564899058e-11 1.232651452564899058e-11
4.866844072860017434e+01 1.232651452564899058e-11 1.232651452564899058e-11
4.886375778390297597e+01 1.232651452564899058e-11 1.232651452564899058e-11
4.905985868909948522e+01 1.232651452564899058e-11 1.232651452564899058e-11
4.925674658995009736e+01 1.232651452564899058e-11 1.232651452564899058e-11
4.945442464483981126e+01 1.232651452564899058e-11 1.232651452564899058e-11
4.965289602482894082e+01 1.232651452564899058e-11 1.232651452564899058e-11
4.985216391370393296e+01 1.232651452564899058e-11 1.232651452564899058e-11
5.005223150802846277e+01 1.232651452564899058e-11 1.232651452564899058e-11
5.025310201719472758e+01 1.232651452564899058e-11 1.232651452564899058e-11
5.045477866347490448e+01 1.232651452564899058e-11 1.232651452564899058e-11
5.065726468207285649e+01 1.232651452564899058e-11 1.232651452564899058e-11
5.086056332117600931e+01 1.232651452564899058e-11 1.232651452564899058e-11
5.106467784200749804e+01 1.232651452564899058e-11 1.232651452564899058e-11
5.126961151887842760e+01 1.232651452564899058e-11 1.232651452564899058e-11
5.147536763924045289e+01 1.232651452564899058e-11 1.232651452564899058e-11
5.168194950373846552e+01 1.232651452564899058e-11 1.232651452564899058e-11
5.188936042626359324e+01 1.232651452564899058e-11 1.232651452564899058e-11
5.209760373400629163e+01 1.232651452564899058e-11 1.232651452564899058e-11
5.230668276750979828e+01 1.232651452564899058e-11 1.232651452564899058e-11
5.251660088072364374e+01 1.232651452564899058e-11 1.232651452564899058e-11
5.272736144105751066e+01 1.232651452564899058e-11 1.232651452564899058e-11
5.293896782943522794e+01 1.232651452564899058e-11 1.232651452564899058e-11
5.315142344034898514e+01 1.232651452564899058e-11 1.232651452564899058e-11
5.336473168191384531e+01 1.232651452564899058e-11 1.232651452564899058e-11
5.357889597592235020e+01 1.232651452564899058e-11 1.232651452564899058e-11
5.379391975789945235e+01 1.232651452564899058e-11 1.232651452564899058e-11
5.400980647715762473e+01 1.232651452564899058e-11 1.232651452564899058e-11
5.422655959685215521e+01 1.232651452564899058e-11 1.232651452564899058e-11
5.444418259403675364e+01 1.232651452564899058e-11 1.232651452564899058e-11
5.466267895971929391e+01 1.232651452564899058e-11 1.232651452564899058e-11
5.488205219891781894e+01 1.232651452564899058e-11 1.232651452564899058e-11
5.510230583071679433e+01 1.232651452564899058e-11 1.232651452564899058e-11
5.532344338832351127e+01 1.232651452564899058e-11 1.232651452564899058e-11
5.554546841912480915e+01 1.232651452564899058e-11 1.232651452564899058e-11
5.576838448474392607e+01 1.232651452564899058e-11 1.232651452564899058e-11
5.599219516109776151e+01 1.232651452564899058e-11 1.232651452564899058e-11
5.621690403845406081e+01 1.232651452564899058e-11 1.232651452564899058e-11
5.644251472148911830e+01 1.232651452564899058e-11 1.232651452564899058e-11
5.666903082934560132e+01 1.232651452564899058e-11 1.232651452564899058e-11
5.689645599569055179e+01 1.232651452564899058e-11 1.232651452564899058e-11
5.712479386877373599e+01 1.232651452564899058e-11 1.232651452564899058e-11
5.735404811148612936e+01 1.232651452564899058e-11 1.232651452564899058e-11
5.758422240141869963e+01 1.232651452564899058e-11 1.232651452564899058e-11
5.781532043092136064e+01 1.232651452564899058e-11 1.232651452564899058e-11
5.804734590716225995e+01 1.232651452564899058e-11 1.232651452564899058e-11
5.828030255218720157e+01 1.232651452564899058e-11 1.232651452564899058e-11
5.851419410297937418e+01 1.232651452564899058e-11 1.232651452564899058e-11
5.874902431151930671e+01 1.232651452564899058e-11 1.232651452564899058e-11
5.898479694484502289e+01 1.232651452564899058e-11 1.232651452564899058e-11
5.922151578511250136e+01 1.232651452564899058e-11 1.232651452564899058e-11
5.945918462965633466e+01 1.232651452564899058e-11 1.232651452564899058e-11
5.969780729105065120e+01 1.232651452564899058e-11 1.232651452564899058e-11
5.993738759717025744e+01 1.232651452564899058e-11 1.232651452564899058e-11
6.017792939125207141e+01 1.232651452564899058e-11 1.232651452564899058e-11
6.041943653195674813e+01 1.232651452564899058e-11 1.232651452564899058e-11
6.066191289343058202e+01 1.232651452564899058e-11 1.232651452564899058e-11
6.090536236536768655e+01 1.232651452564899058e-11 1.232651452564899058e-11
6.114978885307233725e+01 1.232651452564899058e-11 1.232651452564899058e-11
6.139519627752165576e+01 1.232651452564899058e-11 1.232651452564899058e-11
6.164158857542850001e+01 1.232651452564899058e-11 1.232651452564899058e-11
6.188896969930461722e+01 1.232651452564899058e-11 1.232651452564899058e-11
6.213734361752404567e+01 1.232651452564899058e-11 1.232651452564899058e-11
6.238671431438676507e+01 1.232651452564899058e-11 1.232651452564899058e-11
6.263708579018263123e+01 1.232651452564899058e-11 1.232651452564899058e-11
6.288846206125551674e+01 1.232651452564899058e-11 1.232651452564899058e-11
6.314084716006777853e+01 1.232651452564899058e-11 1.232651452564899058e-11
6.339424513526490301e+01 1.232651452564899058e-11 1.232651452564899058e-11
6.364866005174048524e+01 1.232651452564899058e-11 1.232651452564899058e-11
6.390409599070142832e+01 1.232651452564899058e-11 1.232651452564899058e-11
6.416055704973339857e+01 1.232651452564899058e-11 1.232651452564899058e-11
6.441804734286655787e+01 1.232651452564899058e-11 1.232651452564899058e-11
6.467657100064158726e+01 1.232651452564899058e-11 1.232651452564899058e-11
6.493613217017592376e+01 1.232651452564899058e-11 1.232651452564899058e-11
6.519673501523027426e+01 1.232651452564899058e-11 1.232651452564899058e-11
6.545838371627543495e+01 1.232651452564899058e-11 1.232651452564899058e-11
6.572108247055935237e+01 1.232651452564899058e-11 1.232651452564899058e-11
6.598483549217441180e+01 1.232651452564899058e-11 1.232651452564899058e-11
6.624964701212510931e+01 1.232651452564899058e-11 1.232651452564899058e-11
6.651552127839586603e+01 1.232651452564899058e-11 1.232651452564899058e-11
6.678246255601918335e+01 1.232651452564899058e-11 1.232651452564899058e-11
6.705047512714406821e+01 1.232651452564899058e-11 1.232651452564899058e-11
6.731956329110472836e+01 1.232651452564899058e-11 1.232651452564899058e-11
6.758973136448955188e+01 1.232651452564899058e-11 1.232651452564899058e-11
6.786098368121029978e+01 1.232651452564899058e-11 1.232651452564899058e-11
6.813332459257169660e+01 1.232651452564899058e-11 1.232651452564899058e-11
6.840675846734120569e+01 1.232651452564899058e-11 1.232651452564899058e-11
6.868128969181907451e+01 1.232651452564899058e-11 1.232651452564899058e-11
6.895692266990873520e+01 1.232651452564899058e-11 1.232651452564899058e-11
6.923366182318747519e+01 1.232651452564899058e-11 1.232651452564899058e-11
6.951151159097732091e+01 1.232651452564899058e-11 1.232651452564899058e-11
6.979047643041621996e+01 1.232651452564899058e-11 1.232651452564899058e-11
7.007056081652963542e+01 1.232651452564899058e-11 1.232651452564899058e-11
7.035176924230231066e+01 1.232651452564899058e-11 1.232651452564899058e-11
7.063410621875024731e+01 1.232651452564899058e-11 1.232651452564899058e-11
7.091757627499316641e+01 1.232651452564899058e-11 1.232651452564899058e-11
7.120218395832712588e+01 1.232651452564899058e-11 1.232651452564899058e-11
7.148793383429749326e+01 1.232651452564899058e-11 1.232651452564899058e-11
7.177483048677214583e+01 1.232651452564899058e-11 1.232651452564899058e-11
7.206287851801502597e+01 1.232651452564899058e-11 1.232651452564899058e-11
7.235208254875996658e+01 1.232651452564899058e-11 1.232651452564899058e-11
7.264244721828480067e+01 1.232651452564899058e-11 1.232651452564899058e-11
7.293397718448579781e+01 1.232651452564899058e-11 1.232651452564899058e-11
7.322667712395241324e+01 1.232651452564899058e-11 1.232651452564899058e-11
7.352055173204220750e+01 1.232651452564899058e-11 1.232651452564899058e-11
7.381560572295630607e+01 1.232651452564899058e-11 1.232651452564899058e-11
7.411184382981490160e+01 1.232651452564899058e-11 1.232651452564899058e-11
7.440927080473325361e+01 1.232651452564899058e-11 1.232651452564899058e-11
7.470789141889787288e+01 1.232651452564899058e-11 1.232651452564899058e-11
7.500771046264310371e+01 1.232651452564899058e-11 1.232651452564899058e-11
7.530873274552794783e+01 1.232651452564899058e-11 1.232651452564899058e-11
7.561096309641317248e+01 1.232651452564899058e-11 1.232651452564899058e-11
7.591440636353888749e+01 1.232651452564899058e-11 1.232651452564899058e-11
7.621906741460216494e+01 1.232651452564899058e-11 1.232651452564899058e-11
7.652495113683528416e+01 1.232651452564899058e-11 1.232651452564899058e-11
7.683206243708397665e+01 1.232651452564899058e-11 1.232651452564899058e-11
7.714040624188628215e+01 1.232651452564899058e-11 1.232651452564899058e-11
7.744998749755147571e+01 1.232651452564899058e-11 1.232651452564899058e-11
7.776081117023944955e+01 1.232651452564899058e-11 1.232651452564899058e-11
7.807288224604039328e+01 1.232651452564899058e-11 1.232651452564899058e-11
7.838620573105472999e+01 1.232651452564899058e-11 1.232651452564899058e-11
7.870078665147349284e+01 1.232651452564899058e-11 1.232651452564899058e-11
7.901663005365890058e+01 1.232651452564899058e-11 1.232651452564899058e-11
7.933374100422530262e+01 1.232651452564899058e-11 1.232651452564899058e-11
7.965212459012052193e+01 1.232651452564899058e-11 1.232651452564899058e-11
7.997178591870735431e+01 1.232651452564899058e-11 1.232651452564899058e-11
8.029273011784560765e+01 1.232651452564899058e-11 1.232651452564899058e-11
8.061496233597425487e+01 1.232651452564899058e-11 1.232651452564899058e-11
8.093848774219414111e+01 1.232651452564899058e-11 1.232651452564899058e-11
8.126331152635079036e+01 1.232651452564899058e-11 1.232651452564899058e-11
8.158943889911770952e+01 1.232651452564899058e-11 1.232651452564899058e-11
8.191687509207999085e+01 1.232651452564899058e-11 1.232651452564899058e-11
8.224562535781821282e+01 1.232651452564899058e-11 1.232651452564899058e-11
8.257569496999271053e+01 1.232651452564899058e-11 1.232651452564899058e-11
8.290708922342814446e+01 1.232651452564899058e-11 1.232651452564899058e-11
8.323981343419848145e+01 1.232651452564899058e-11 1.232651452564899058e-11
8.357387293971224551e+01 1.232651452564899058e-11 1.232651452564899058e-11
8.390927309879813834e+01 1.232651452564899058e-11 1.232651452564899058e-11
8.424601929179101489e+01 1.232651452564899058e-11 1.232651452564899058e-11
8.458411692061818599e+01 1.232651452564899058e-11 1.232651452564899058e-11
8.492357140888607603e+01 1.232651452564899058e-11 1.232651452564899058e-11
8.526438820196720769e+01 1.232651452564899058e-11 1.232651452564899058e-11
8.560657276708758445e+01 1.232651452564899058e-11 1.232651452564899058e-11
8.595013059341438577e+01 1.232651452564899058e-11 1.232651452564899058e-11
8.629506719214398913e+01 1.232651452564899058e-11 1.232651452564899058e-11
8.664138809659043261e+01 1.232651452564899058e-11 1.232651452564899058e-11
8.698909886227413324e+01 1.232651452564899058e-11 1.232651452564899058e-11
8.733820506701101749e+01 1.232651452564899058e-11 1.232651452564899058e-11
8.768871231100200703e+01 1.232651452564899058e-11 1.232651452564899058e-11
8.804062621692281709e+01 1.232651452564899058e-11 1.232651452564899058e-11
8.839395243001430913e+01 1.232651452564899058e-11 1.232651452564899058e-11
8.874869661817278654e+01 1.232651452564899058e-11 1.232651452564899058e-11
8.910486447204110050e+01 1.232651452564899058e-11 1.232651452564899058e-11
8.946246170509991202e+01 1.232651452564899058e-11 1.232651452564899058e-11
8.982149405375930939e+01 1.232651452564899058e-11 1.232651452564899058e-11
9.018196727745082342e+01 1.232651452564899058e-11 1.232651452564899058e-11
9.054388715871988325e+01 1.232651452564899058e-11 1.232651452564899058e-11
9.090725950331849958e+01 1.232651452564899058e-11 1.232651452564899058e-11
9.127209014029844525e+01 1.232651452564899058e-11 1.232651452564899058e-11
9.163838492210473419e+01 1.232651452564899058e-11 1.232651452564899058e-11
9.200614972466952679e+01 1.232651452564899058e-11 1.232651452564899058e-11
9.237539044750637629e+01 1.232651452564899058e-11 1.232651452564899058e-11
9.274611301380488726e+01 1.232651452564899058e-11 1.232651452564899058e-11
9.311832337052567254e+01 1.232651452564899058e-11 1.232651452564899058e-11
9.349202748849585021e+01 1.232651452564899058e-11 1.232651452564899058e-11
9.386723136250471100e+01 1.232651452564899058e-11 1.232651452564899058e-11
9.424394101139996849e+01 1.232651452564899058e-11 1.232651452564899058e-11
9.462216247818430759e+01 1.232651452564899058e-11 1.232651452564899058e-11
9.500190183011224576e+01 1.232651452564899058e-11 1.232651452564899058e-11
9.538316515878756263e+01 1.232651452564899058e-11 1.232651452564899058e-11
9.576595858026092856e+01 1.232651452564899058e-11 1.232651452564899058e-11
9.615028823512810163e+01 1.232651452564899058e-11 1.232651452564899058e-11
9.653616028862836629e+01 1.232651452564899058e-11 1.232651452564899058e-11
9.692358093074345504e+01 1.232651452564899058e-11 1.232651452564899058e-11
9.731255637629682553e+01 1.232651452564899058e-11 1.232651452564899058e-11
9.770309286505342072e+01 1.232651452564899058e-11 1.232651452564899058e-11
9.809519666181969910e+01 1.232651452564899058e-11 1.232651452564899058e-11
9.848887405654411964e+01 1.232651452564899058e-11 1.232651452564899058e-11
9.888413136441813833e+01 1.232651452564899058e-11 1.232651452564899058e-11
9.928097492597740370e+01 1.232651452564899058e-11 1.232651452564899058e-11
9.967941110720352071e+01 1.232651452564899058e-11 1.232651452564899058e-11
1.000794462996262268e+02 1.232651452564899058e-11 1.232651452564899058e-11
1.004810869204256960e+02 1.232651452564899058e-11 1.232651452564899058e-11
1.008843394125358373e+02 1.232651452564899058e-11 1.232651452564899058e-11
1.012892102447473377e+02 1.232651452564899058e-11 1.232651452564899058e-11
1.016957059118116149e+02 1.232651452564899058e-11 1.232651452564899058e-11
1.021038329345448830e+02 1.232651452564899058e-11 1.232651452564899058e-11
1.025135978599328723e+02 1.232651452564899058e-11 1.232651452564899058e-11
1.029250072612357485e+02 1.232651452564899058e-11 1.232651452564899058e-11
1.033380677380935992e+02 1.232651452564899058e-11 1.232651452564899058e-11
1.037527859166323339e+02 1.232651452564899058e-11 1.232651452564899058e-11
1.041691684495699519e+02 1.232651452564899058e-11 1.232651452564899058e-11
1.045872220163232100e+02 1.232651452564899058e-11 1.232651452564899058e-11
1.050069533231148853e+02 1.232651452564899058e-11 1.232651452564899058e-11
1.054283691030812520e+02 1.232651452564899058e-11 1.232651452564899058e-11
1.058514761163800983e+02 1.232651452564899058e-11 1.232651452564899058e-11
1.062762811502992690e+02 1.232651452564899058e-11 1.232651452564899058e-11
1.067027910193654208e+02 1.232651452564899058e-11 1.232651452564899058e-11
1.071310125654534033e+02 1.232651452564899058e-11 1.232651452564899058e-11
1.075609526578960100e+02 1.232651452564899058e-11 1.232651452564899058e-11
1.079926181935941401e+02 1.232651452564899058e-11 1.232651452564899058e-11
1.084260160971274871e+02 1.232651452564899058e-11 1.232651452564899058e-11
1.088611533208655828e+02 1.232651452564899058e-11 1.232651452564899058e-11
1.092980368450793236e+02 1.232651452564899058e-11 1.232651452564899058e-11
1.097366736780529379e+02 1.232651452564899058e-11 1.232651452564899058e-11
1.101770708561964796e+02 1.232651452564899058e-11 1.232651452564899058e-11
1.106192354441584911e+02 1.232651452564899058e-11 1.232651452564899058e-11
1.110631745349398329e+02 1.232651452564899058e-11 1.232651452564899058e-11
1.115088952500067876e+02 1.232651452564899058e-11 1.232651452564899058e-11
1.119564047394057411e+02 1.232651452564899058e-11 1.232651452564899058e-11
1.124057101818778079e+02 1.232651452564899058e-11 1.232651452564899058e-11
1.128568187849739104e+02 1.232651452564899058e-11 1.232651452564899058e-11
1.133097377851704692e+02 1.232651452564899058e-11 1.232651452564899058e-11
1.137644744479854495e+02 1.232651452564899058e-11 1.232651452564899058e-11
1.142210360680949037e+02 1.232651452564899058e-11 1.232651452564899058e-11
1.146794299694500694e+02 1.232651452564899058e-11 1.232651452564899058e-11
1.151396635053947222e+02 1.232651452564899058e-11 1.232651452564899058e-11
1.156017440587832681e+02 1.232651452564899058e-11 1.232651452564899058e-11
1.160656790420990774e+02 1.232651452564899058e-11 1.232651452564899058e-11
1.165314758975734435e+02 1.232651452564899058e-11 1.232651452564899058e-11
1.169991420973049685e+02 1.232651452564899058e-11 1.232651452564899058e-11
1.174686851433793890e+02 1.232651452564899058e-11 1.232651452564899058e-11
1.179401125679899707e+02 1.232651452564899058e-11 1.232651452564899058e-11
1.184134319335582859e+02 1.232651452564899058e-11 1.232651452564899058e-11
1.188886508328555891e+02 1.232651452564899058e-11 1.232651452564899058e-11
1.193657768891245325e+02 1.232651452564899058e-11 1.232651452564899058e-11
1.198448177562015502e+02 1.232651452564899058e-11 1.232651452564899058e-11
1.203257811186395543e+02 1.232651452564899058e-11 1.232651452564899058e-11
1.208086746918312429e+02 1.232651452564899058e-11 1.232651452564899058e-11
1.212935062221328906e+02 1.232651452564899058e-11 1.232651452564899058e-11
1.217802834869885800e+02 1.232651452564899058e-11 1.232651452564899058e-11
1.222690142950549443e+02 1.232651452564899058e-11 1.232651452564899058e-11
1.227597064863264933e+02 1.232651452564899058e-11 1.232651452564899058e-11
1.232523679322613077e+02 1.232651452564899058e-11 1.232651452564899058e-11
1.237470065359073885e+02 1.232651452564899058e-11 1.232651452564899058e-11
1.242436302320293464e+02 1.232651452564899058e-11 1.232651452564899058e-11
1.247422469872357453e+02 1.232651452564899058e-11 1.232651452564899058e-11
1.252428648001069149e+02 1.232651452564899058e-11 1.232651452564899058e-11
1.257454917013231750e+02 1.232651452564899058e-11 1.232651452564899058e-11
1.262501357537937565e+02 1.232651452564899058e-11 1.232651452564899058e-11
1.267568050527860919e+02 1.232651452564899058e-11 1.232651452564899058e-11
1.272655077260556737e+02 1.232651452564899058e-11 1.232651452564899058e-11
1.277762519339764680e+02 1.232651452564899058e-11 1.232651452564899058e-11
1.282890458696717815e+02 1.232651452564899058e-11 1.232651452564899058e-11
1.288038977591457126e+02 1.232651452564899058e-11 1.232651452564899058e-11
1.293208158614151273e+02 1.232651452564899058e-11 1.232651452564899058e-11
1.298398084686421043e+02 1.232651452564899058e-11 1.232651452564899058e-11
1.303608839062669347e+02 1.232651452564899058e-11 1.232651452564899058e-11
1.308840505331418456e+02 1.232651452564899058e-11 1.232651452564899058e-11
1.314093167416648100e+02 1.232651452564899058e-11 1.232651452564899058e-11
1.319366909579143794e+02 1.232651452564899058e-11 1.232651452564899058e-11
1.324661816417848286e+02 1.232651452564899058e-11 1.232651452564899058e-11
1.329977972871218128e+02 1.232651452564899058e-11 1.232651452564899058e-11
1.335315464218586214e+02 1.232651452564899058e-11 1.232651452564899058e-11
1.340674376081529715e+02 1.232651452564899058e-11 1.232651452564899058e-11
1.346054794425244836e+02 1.232651452564899058e-11 1.232651452564899058e-11
1.351456805559923566e+02 1.232651452564899058e-11 1.232651452564899058e-11
1.356880496142140657e+02 1.232651452564899058e-11 1.232651452564899058e-11
1.362325953176241455e+02 1.232651452564899058e-11 1.232651452564899058e-11
1.367793264015739965e+02 1.232651452564899058e-11 1.232651452564899058e-11
1.373282516364718049e+02 1.232651452564899058e-11 1.232651452564899058e-11
1.378793798279232874e+02 1.232651452564899058e-11 1.232651452564899058e-11
1.384327198168730604e+02 1.232651452564899058e-11 1.232651452564899058e-11
1.389882804797461802e+02 1.232651452564899058e-11 1.232651452564899058e-11
1.395460707285911610e+02 1.232651452564899058e-11 1.232651452564899058e-11
1.401060995112221121e+02 1.232651452564899058e-11 1.232651452564899058e-11
1.406683758113628073e+02 1.232651452564899058e-11 1.232651452564899058e-11
1.412329086487905840e+02 1.232651452564899058e-11 1.232651452564899058e-11
1.417997070794812373e+02 1.232651452564899058e-11 1.232651452564899058e-11
1.423687801957540557e+02 1.232651452564899058e-11 1.232651452564899058e-11
1.429401371264178806e+02 1.232651452564899058e-11 1.232651452564899058e-11
1.435137870369173356e+02 1.232651452564899058e-11 1.232651452564899058e-11
1.440897391294801082e+02 1.232651452564899058e-11 1.232651452564899058e-11
1.446680026432643160e+02 1.232651452564899058e-11 1.232651452564899058e-11
1.452485868545068683e+02 1.232651452564899058e-11 1.232651452564899058e-11
1.458315010766722821e+02 1.232651452564899058e-11 1.232651452564899058e-11
1.464167546606019812e+02 1.232651452564899058e-11 1.232651452564899058e-11
1.470043569946643345e+02 1.232651452564899058e-11 1.232651452564899058e-11
1.475943175049053480e+02 1.232651452564899058e-11 1.232651452564899058e-11
1.481866456551997544e+02 1.232651452564899058e-11 1.232651452564899058e-11
1.487813509474028990e+02 1.232651452564899058e-11 1.232651452564899058e-11
1.493784429215031082e+02 1.232651452564899058e-11 1.232651452564899058e-11
1.499779311557747974e+02 1.232651452564899058e-11 1.232651452564899058e-11
1.505798252669320902e+02 1.232651452564899058e-11 1.232651452564899058e-11
1.511841349102830350e+02 1.232651452564899058e-11 1.232651452564899058e-11
1.517908697798845878e+02 1.232651452564899058e-11 1.232651452564899058e-11
1.524000396086980231e+02 1.232651452564899058e-11 1.232651452564899058e-11
1.530116541687451104e+02 1.232651452564899058e-11 1.232651452564899058e-11
1.536257232712649170e+02 1.232651452564899058e-11 1.232651452564899058e-11
1.542422567668710940e+02 1.232651452564899058e-11 1.232651452564899058e-11
1.548612645457100143e+02 1.232651452564899058e-11 1.232651452564899058e-11
1.554827565376192808e+02 1.232651452564899058e-11 1.232651452564899058e-11
1.561067427122871720e+02 1.232651452564899058e-11 1.232651452564899058e-11
1.567332330794124573e+02 1.232651452564899058e-11 1.232651452564899058e-11
1.573622376888650081e+02 1.232651452564899058e-11 1.232651452564899058e-11
1.579937666308470341e+02 1.232651452564899058e-11 1.232651452564899058e-11
1.586278300360549451e+02 1.232651452564899058e-11 1.232651452564899058e-11
1.592644380758417526e+02 1.232651452564899058e-11 1.232651452564899058e-11
1.599036009623804375e+02 1.232651452564899058e-11 1.232651452564899058e-11
1.605453289488275743e+02 1.232651452564899058e-11 1.232651452564899058e-11
1.611896323294879210e+02 1.232651452564899058e-11 1.232651452564899058e-11
1.618365214399794922e+02 1.232651452564899058e-11 1.232651452564899058e-11
1.624860066573994573e+02 1.232651452564899058e-11 1.232651452564899058e-11
1.631380984004904633e+02 1.232651452564899058e-11 1.232651452564899058e-11
1.637928071298078976e+02 1.232651452564899058e-11 1.232651452564899058e-11
1.644501433478875754e+02 1.232651452564899058e-11 1.232651452564899058e-11
1.651101175994143375e+02 1.232651452564899058e-11 1.232651452564899058e-11
1.657727404713911312e+02 1.232651452564899058e-11 1.232651452564899058e-11
1.664380225933088013e+02 1.232651452564899058e-11 1.232651452564899058e-11
1.671059746373167059e+02 1.232651452564899058e-11 1.232651452564899058e-11
1.677766073183938431e+02 1.232651452564899058e-11 1.232651452564899058e-11
1.684499313945207746e+02 1.232651452564899058e-11 1.232651452564899058e-11
1.691259576668521447e+02 1.232651452564899058e-11 1.232651452564899058e-11
1.698046969798900534e+02 1.232651452564899058e-11 1.232651452564899058e-11
1.704861602216578547e+02 1.232651452564899058e-11 1.232651452564899058e-11
1.711703583238750070e+02 1.232651452564899058e-11 1.232651452564899058e-11
1.718573022621322650e+02 1.232651452564899058e-11 1.232651452564899058e-11
1.725470030560678367e+02 1.232651452564899058e-11 1.232651452564899058e-11
1.732394717695442239e+02 1.232651452564899058e-11 1.232651452564899058e-11
1.739347195108254596e+02 1.232651452564899058e-11 1.232651452564899058e-11
1.746327574327556249e+02 1.232651452564899058e-11 1.232651452564899058e-11
1.753335967329374796e+02 1.232651452564899058e-11 1.232651452564899058e-11
1.760372486539122292e+02 1.232651452564899058e-11 1.232651452564899058e-11
1.767437244833398893e+02 1.232651452564899058e-11 1.232651452564899058e-11
1.774530355541802749e+02 1.232651452564899058e-11 1.232651452564899058e-11
1.781651932448748710e+02 1.232651452564899058e-11 1.232651452564899058e-11
1.788802089795292432e+02 1.232651452564899058e-11 1.232651452564899058e-11
1.795980942280964712e+02 1.232651452564899058e-11 1.232651452564899058e-11
1.803188605065610659e+02 1.232651452564899058e-11 1.232651452564899058e-11
1.810425193771235683e+02 1.232651452564899058e-11 1.232651452564899058e-11
1.817690824483863139e+02 1.232651452564899058e-11 1.232651452564899058e-11
1.824985613755393388e+02 1.232651452564899058e-11 1.232651452564899058e-11
1.832309678605476222e+02 1.232651452564899058e-11 1.232651452564899058e-11
1.839663136523385845e+02 1.232651452564899058e-11 1.232651452564899058e-11
1.847046105469906934e+02 1.232651452564899058e-11 1.232651452564899058e-11
1.854458703879226675e+02 1.232651452564899058e-11 1.232651452564899058e-11
1.861901050660833903e+02 1.232651452564899058e-11 1.232651452564899058e-11
1.869373265201427330e+02 1.232651452564899058e-11 1.232651452564899058e-11
1.876875467366831174e+02 1.232651452564899058e-11 1.232651452564899058e-11
1.884407777503916179e+02 1.232651452564899058e-11 1.232651452564899058e-11
1.891970316442532010e+02 1.232651452564899058e-11 1.232651452564899058e-11
1.899563205497444756e+02 1.232651452564899058e-11 1.232651452564899058e-11
1.907186566470283253e+02 1.232651452564899058e-11 1.232651452564899058e-11
1.914840521651492224e+02 1.232651452564899058e-11 1.232651452564899058e-11
1.922525193822295364e+02 1.232651452564899058e-11 1.232651452564899058e-11
1.930240706256663259e+02 1.232651452564899058e-11 1.232651452564899058e-11
1.937987182723292676e+02 1.232651452564899058e-11 1.232651452564899058e-11
1.945764747487590682e+02 1.232651452564899058e-11 1.232651452564899058e-11
1.953573525313668426e+02 1.232651452564899058e-11 1.232651452564899058e-11
1.961413641466342597e+02 1.232651452564899058e-11 1.232651452564899058e-11
1.969285221713145688e+02 1.232651452564899058e-11 1.232651452564899058e-11
1.977188392326341386e+02 1.232651452564899058e-11 1.232651452564899058e-11
1.985123280084952455e+02 1.232651452564899058e-11 1.232651452564899058e-11
1.993090012276793175e+02 1.232651452564899058e-11 1.232651452564899058e-11
2.001088716700511441e+02 1.232651452564899058e-11 1.232651452564899058e-11
2.009119521667639106e+02 1.232651452564899058e-11 1.232651452564899058e-11
2.017182556004650280e+02 1.232651452564899058e-11 1.232651452564899058e-11
2.025277949055027591e+02 1.232651452564899058e-11 1.232651452564899058e-11
2.033405830681336965e+02 1.232651452564899058e-11 1.232651452564899058e-11
2.041566331267311796e+02 1.232651452564899058e-11 1.232651452564899058e-11
2.049759581719943355e+02 1.232651452564899058e-11 1.232651452564899058e-11
2.057985713471581164e+02 1.232651452564899058e-11 1.232651452564899058e-11
2.066244858482041309e+02 1.232651452564899058e-11 1.232651452564899058e-11
2.074537149240723863e+02 1.232651452564899058e-11 1.232651452564899058e-11
2.082862718768737409e+02 1.232651452564899058e-11 1.232651452564899058e-11
2.091221700621033222e+02 1.232651452564899058e-11 1.232651452564899058e-11
2.099614228888547132e+02 1.232651452564899058e-11 1.232651452564899058e-11
2.108040438200352469e+02 1.232651452564899058e-11 1.232651452564899058e-11
2.116500463725816985e+02 1.232651452564899058e-11 1.232651452564899058e-11
2.124994441176773421e+02 1.232651452564899058e-11 1.232651452564899058e-11
2.133522506809695187e+02 1.232651452564899058e-11 1.232651452564899058e-11
2.142084797427882847e+02 1.232651452564899058e-11 1.232651452564899058e-11
2.150681450383658557e+02 1.232651452564899058e-11 1.232651452564899058e-11
2.159312603580568748e+02 1.232651452564899058e-11 1.232651452564899058e-11
2.167978395475597324e+02 1.232651452564899058e-11 1.232651452564899058e-11
2.176678965081385684e+02 1.232651452564899058e-11 1.232651452564899058e-11
2.185414451968464391e+02 1.232651452564899058e-11 1.232651452564899058e-11
2.194184996267489396e+02 1.232651452564899058e-11 1.232651452564899058e-11
2.202990738671492466e+02 1.232651452564899058e-11 1.232651452564899058e-11
2.211831820438137299e+02 1.232651452564899058e-11 1.232651452564899058e-11
2.220708383391984739e+02 1.232651452564899058e-11 1.232651452564899058e-11
2.229620569926768781e+02 1.232651452564899058e-11 1.232651452564899058e-11
2.238568523007680255e+02 1.232651452564899058e-11 1.232651452564899058e-11
2.247552386173661318e+02 1.232651452564899058e-11 1.232651452564899058e-11
2.256572303539706184e+02 1.232651452564899058e-11 1.232651452564899058e-11
2.265628419799174083e+02 1.232651452564899058e-11 1.232651452564899058e-11
2.274720880226110751e+02 1.232651452564899058e-11 1.232651452564899058e-11
2.283849830677577870e+02 1.232651452564899058e-11 1.232651452564899058e-11
2.293015417595993597e+02 1.232651452564899058e-11 1.232651452564899058e-11
2.302217788011481048e+02 1.232651452564899058e-11 1.232651452564899058e-11
2.311457089544227301e+02 1.232651452564899058e-11 1.232651452564899058e-11
2.320733470406851779e+02 1.232651452564899058e-11 1.232651452564899058e-11
2.330047079406783155e+02 1.232651452564899058e-11 1.232651452564899058e-11
2.339398065948646490e+02 1.232651452564899058e-11 1.232651452564899058e-11
2.348786580036660894e+02 1.232651452564899058e-11 1.232651452564899058e-11
2.358212772277044564e+02 1.232651452564899058e-11 1.232651452564899058e-11
2.367676793880430921e+02 1.232651452564899058e-11 1.232651452564899058e-11
2.377178796664295248e+02 1.232651452564899058e-11 1.232651452564899058e-11
2.386718933055389300e+02 1.232651452564899058e-11 1.232651452564899058e-11
2.396297356092186419e+02 1.232651452564899058e-11 1.232651452564899058e-11
2.405914219427336889e+02 1.232651452564899058e-11 1.232651452564899058e-11
2.415569677330132095e+02 1.232651452564899058e-11 1.232651452564899058e-11
2.425263884688980056e+02 1.232651452564899058e-11 1.232651452564899058e-11
2.434996997013890052e+02 1.232651452564899058e-11 1.232651452564899058e-11
2.444769170438966057e+02 1.232651452564899058e-11 1.232651452564899058e-11
2.454580561724912684e+02 1.232651452564899058e-11 1.232651452564899058e-11
2.464431328261549936e+02 1.232651452564899058e-11 1.232651452564899058e-11
2.474321628070336487e+02 1.232651452564899058e-11 1.232651452564899058e-11
2.484251619806906035e+02 1.232651452564899058e-11 1.232651452564899058e-11
2.494221462763612180e+02 1.232651452564899058e-11 1.232651452564899058e-11
2.504231316872082687e+02 1.232651452564899058e-11 1.232651452564899058e-11
2.514281342705786244e+02 1.232651452564899058e-11 1.232651452564899058e-11
2.524371701482608046e+02 1.232651452564899058e-11 1.232651452564899058e-11
2.534502555067435594e+02 1.232651452564899058e-11 1.232651452564899058e-11
2.544674065974755308e+02 1.232651452564899058e-11 1.232651452564899058e-11
2.554886397371259648e+02 1.232651452564899058e-11 1.232651452564899058e-11
2.565139713078464752e+02 1.232651452564899058e-11 1.232651452564899058e-11
2.575434177575338026e+02 1.232651452564899058e-11 1.232651452564899058e-11
2.585769956000936531e+02 1.232651452564899058e-11 1.232651452564899058e-11
2.596147214157057874e+02 1.232651452564899058e-11 1.232651452564899058e-11
2.606566118510895649e+02 1.232651452564899058e-11 1.232651452564899058e-11
2.617026836197715056e+02 1.232651452564899058e-11 1.232651452564899058e-11
2.627529535023530798e+02 1.232651452564899058e-11 1.232651452564899058e-11
2.638074383467799180e+02 1.232651452564899058e-11 1.232651452564899058e-11
2.648661550686121018e+02 1.232651452564899058e-11 1.232651452564899058e-11
2.659291206512956478e+02 1.232651452564899058e-11 1.232651452564899058e-11
2.669963521464347878e+02 1.232651452564899058e-11 1.232651452564899058e-11
2.680678666740654990e+02 1.232651452564899058e-11 1.232651452564899058e-11
2.691436814229303423e+02 1.232651452564899058e-11 1.232651452564899058e-11
2.702238136507539252e+02 1.232651452564899058e-11 1.232651452564899058e-11
2.713082806845198434e+02 1.232651452564899058e-11 1.232651452564899058e-11
2.723970999207487580e+02 1.232651452564899058e-11 1.232651452564899058e-11
2.734902888257772133e+02 1.232651452564899058e-11 1.232651452564899058e-11
2.745878649360379313e+02 1.232651452564899058e-11 1.232651452564899058e-11
2.756898458583416982e+02 1.232651452564899058e-11 1.232651452564899058e-11
2.767962492701586257e+02 1.232651452564899058e-11 1.232651452564899058e-11
2.779070929199026523e+02 1.232651452564899058e-11 1.232651452564899058e-11
2.790223946272158173e+02 1.232651452564899058e-11 1.232651452564899058e-11
2.801421722832543537e+02 1.232651452564899058e-11 1.232651452564899058e-11
2.812664438509756906e+02 1.232651452564899058e-11 1.232651452564899058e-11
2.823952273654263081e+02 1.232651452564899058e-11 1.232651452564899058e-11
2.835285409340315255e+02 1.232651452564899058e-11 1.232651452564899058e-11
2.846664027368854590e+02 1.232651452564899058e-11 1.232651452564899058e-11
2.858088310270430270e+02 1.232651452564899058e-11 1.232651452564899058e-11
2.869558441308125794e+02 1.232651452564899058e-11 1.232651452564899058e-11
2.881074604480500625e+02 1.232651452564899058e-11 1.232651452564899058e-11
2.892636984524538093e+02 1.232651452564899058e-11 1.232651452564899058e-11
2.904245766918614322e+02 1.232651452564899058e-11 1.232651452564899058e-11
2.915901137885468302e+02 1.232651452564899058e-11 1.232651452564899058e-11
2.927603284395191281e+02 1.232651452564899058e-11 1.232651452564899058e-11
2.939352394168228670e+02 1.232651452564899058e-11 1.232651452564899058e-11
2.951148655678386490e+02 1.232651452564899058e-11 1.232651452564899058e-11
2.962992258155857712e+02 1.232651452564899058e-11 1.232651452564899058e-11
2.974883391590258270e+02 1.232651452564899058e-11 1.232651452564899058e-11
2.986822246733672728e+02 1.232651452564899058e-11 1.232651452564899058e-11
2.998809015103715865e+02 1.232651452564899058e-11 1.232651452564899058e-11
3.010843888986605066e+02 1.232651452564899058e-11 1.232651452564899058e-11
3.022927061440241800e+02 1.232651452564899058e-11 1.232651452564899058e-11
3.035058726297314138e+02 1.232651452564899058e-11 1.232651452564899058e-11
3.047239078168400397e+02 1.232651452564899058e-11 1.232651452564899058e-11
3.059468312445094966e+02 1.232651452564899058e-11 1.232651452564899058e-11
3.071746625303140377e+02 1.232651452564899058e-11 1.232651452564899058e-11
3.084074213705576426e+02 1.232651452564899058e-11 1.232651452564899058e-11
3.096451275405896695e+02 1.232651452564899058e-11 1.232651452564899058e-11
3.108878008951224388e+02 1.232651452564899058e-11 1.232651452564899058e-11
3.121354613685493860e+02 1.232651452564899058e-11 1.232651452564899058e-11
3.133881289752652037e+02 1.232651452564899058e-11 1.232651452564899058e-11
3.146458238099865525e+02 1.232651452564899058e-11 1.232651452564899058e-11
3.159085660480746469e+02 1.232651452564899058e-11 1.232651452564899058e-11
3.171763759458588083e+02 1.232651452564899058e-11 1.232651452564899058e-11
3.184492738409613821e+02 1.232651452564899058e-11 1.232651452564899058e-11
3.197272801526240187e+02 1.232651452564899058e-11 1.232651452564899058e-11
3.210104153820353758e+02 1.232651452564899058e-11 1.232651452564899058e-11
3.222987001126596169e+02 1.232651452564899058e-11 1.232651452564899058e-11
3.235921550105670690e+02 1.232651452564899058e-11 1.232651452564899058e-11
3.248908008247652788e+02 1.232651452564899058e-11 1.232651452564899058e-11
3.261946583875322858e+02 1.232651452564899058e-11 1.232651452564899058e-11
3.275037486147504069e+02 1.232651452564899058e-11 1.232651452564899058e-11
3.288180925062421238e+02 1.232651452564899058e-11 1.232651452564899058e-11
3.301377111461066534e+02 1.232651452564899058e-11 1.232651452564899058e-11
3.314626257030583361e+02 1.232651452564899058e-11 1.232651452564899058e-11
3.327928574307662757e+02 1.232651452564899058e-11 1.232651452564899058e-11
3.341284276681949450e+02 1.232651452564899058e-11 1.232651452564899058e-11
3.354693578399470084e+02 1.232651452564899058e-11 1.232651452564899058e-11
3.368156694566065426e+02 1.232651452564899058e-11 1.232651452564899058e-11
3.381673841150843032e+02 1.232651452564899058e-11 1.232651452564899058e-11
3.395245234989642427e+02 1.232651452564899058e-11 1.232651452564899058e-11
3.408871093788511644e+02 1.232651452564899058e-11 1.232651452564899058e-11
3.422551636127200823e+02 1.232651452564899058e-11 1.232651452564899058e-11
3.436287081462668880e+02 1.232651452564899058e-11 1.232651452564899058e-11
3.450077650132602116e+02 1.232651452564899058e-11 1.232651452564899058e-11
3.463923563358951014e+02 1.232651452564899058e-11 1.232651452564899058e-11
3.477825043251477837e+02 1.232651452564899058e-11 1.232651452564899058e-11
3.491782312811318434e+02 1.232651452564899058e-11 1.232651452564899058e-11
3.505795595934562812e+02 1.232651452564899058e-11 1.232651452564899058e-11
3.519865117415843088e+02 1.232651452564899058e-11 1.232651452564899058e-11
3.533991102951942480e+02 1.232651452564899058e-11 1.232651452564899058e-11
3.548173779145413391e+02 1.232651452564899058e-11 1.232651452564899058e-11
3.562413373508214249e+02 1.232651452564899058e-11 1.232651452564899058e-11
3.576710114465358856e+02 1.232651452564899058e-11 1.232651452564899058e-11
3.591064231358579946e+02 1.232651452564899058e-11 1.232651452564899058e-11
3.605475954450008089e+02 1.232651452564899058e-11 1.232651452564899058e-11
3.619945514925866519e+02 1.232651452564899058e-11 1.232651452564899058e-11
3.634473144900180159e+02 1.232651452564899058e-11 1.232651452564899058e-11
3.649059077418492052e+02 1.232651452564899058e-11 1.232651452564899058e-11
3.663703546461620704e+02 1.232651452564899058e-11 1.232651452564899058e-11
3.678406786949389016e+02 1.232651452564899058e-11 1.232651452564899058e-11
3.693169034744407782e+02 1.232651452564899058e-11 1.232651452564899058e-11
3.707990526655856343e+02 1.232651452564899058e-11 1.232651452564899058e-11
3.722871500443280866e+02 1.232651452564899058e-11 1.232651452564899058e-11
3.737812194820406830e+02 1.232651452564899058e-11 1.232651452564899058e-11
3.752812849458971982e+02 1.232651452564899058e-11 1.232651452564899058e-11
3.767873704992568378e+02 1.232651452564899058e-11 1.232651452564899058e-11
3.782995003020502054e+02 1.232651452564899058e-11 1.232651452564899058e-11
3.798176986111671454e+02 1.232651452564899058e-11 1.232651452564899058e-11
3.813419897808454948e+02 1.232651452564899058e-11 1.232651452564899058e-11
3.828723982630621094e+02 1.232651452564899058e-11 1.232651452564899058e-11
3.844089486079247990e+02 1.232651452564899058e-11 1.232651452564899058e-11
3.859516654640665365e+02 1.232651452564899058e-11 1.232651452564899058e-11
3.875005735790404060e+02 1.232651452564899058e-11 1.232651452564899058e-11
3.890556977997168815e+02 1.232651452564899058e-11 1.232651452564899058e-11
3.906170630726824129e+02 1.232651452564899058e-11 1.232651452564899058e-11
3.921846944446394332e+02 1.232651452564899058e-11 1.232651452564899058e-11
3.937586170628082982e+02 1.232651452564899058e-11 1.232651452564899058e-11
3.953388561753306476e+02 1.232651452564899058e-11 1.232651452564899058e-11
3.969254371316744141e+02 1.232651452564899058e-11 1.232651452564899058e-11
3.985183853830404814e+02 1.232651452564899058e-11 1.232651452564899058e-11
4.001177264827708768e+02 1.232651452564899058e-11 1.232651452564899058e-11
4.017234860867587827e+02 1.232651452564899058e-11 1.232651452564899058e-11
4.033356899538600828e+02 1.232651452564899058e-11 1.232651452564899058e-11
4.049543639463066143e+02 1.232651452564899058e-11 1.232651452564899058e-11
4.065795340301209535e+02 1.232651452564899058e-11 1.232651452564899058e-11
4.082112262755329084e+02 1.232651452564899058e-11 1.232651452564899058e-11
4.098494668573978288e+02 1.232651452564899058e-11 1.232651452564899058e-11
4.114942820556165657e+02 1.232651452564899058e-11 1.232651452564899058e-11
4.131456982555568516e+02 1.232651452564899058e-11 1.232651452564899058e-11
4.148037419484766133e+02 1.232651452564899058e-11 1.232651452564899058e-11
4.164684397319490472e+02 1.232651452564899058e-11 1.232651452564899058e-11
4.181398183102891153e+02 1.232651452564899058e-11 1.232651452564899058e-11
4.198179044949820877e+02 1.232651452564899058e-11 1.232651452564899058e-11
4.215027252051135633e+02 1.232651452564899058e-11 1.232651452564899058e-11
4.231943074678012522e+02 1.232651452564899058e-11 1.232651452564899058e-11
4.248926784186286341e+02 1.232651452564899058e-11 1.232651452564899058e-11
4.265978653020801517e+02 1.232651452564899058e-11 1.232651452564899058e-11
4.283098954719782796e+02 1.232651452564899058e-11 1.232651452564899058e-11
4.300287963919224126e+02 1.232651452564899058e-11 1.232651452564899058e-11
4.317545956357292880e+02 1.232651452564899058e-11 1.232651452564899058e-11
4.334873208878753985e+02 1.232651452564899058e-11 1.232651452564899058e-11
4.352269999439411094e+02 1.232651452564899058e-11 1.232651452564899058e-11
4.369736607110564250e+02 1.232651452564899058e-11 1.232651452564899058e-11
4.387273312083487440e+02 1.232651452564899058e-11 1.232651452564899058e-11
4.404880395673924909e+02 1.232651452564899058e-11 1.232651452564899058e-11
4.422558140326600551e+02 1.232651452564899058e-11 1.232651452564899058e-11
4.440306829619750602e+02 1.232651452564899058e-11 1.232651452564899058e-11
4.458126748269673385e+02 1.232651452564899058e-11 1.232651452564899058e-11
4.476018182135294978e+02 1.232651452564899058e-11 1.232651452564899058e-11
4.493981418222756474e+02 1.232651452564899058e-11 1.232651452564899058e-11
4.512016744690016026e+02 1.232651452564899058e-11 1.232651452564899058e-11
4.530124450851473057e+02 1.232651452564899058e-11 1.232651452564899058e-11
4.548304827182608392e+02 1.232651452564899058e-11 1.232651452564899058e-11
4.566558165324645415e+02 1.232651452564899058e-11 1.232651452564899058e-11
4.584884758089225443e+02 1.232651452564899058e-11 1.232651452564899058e-11
4.603284899463108673e+02 1.232651452564899058e-11 1.232651452564899058e-11
4.621758884612885936e+02 1.232651452564899058e-11 1.232651452564899058e-11
4.640307009889717733e+02 1.232651452564899058e-11 1.232651452564899058e-11
4.658929572834085775e+02 1.232651452564899058e-11 1.232651452564899058e-11
4.677626872180566124e+02 1.232651452564899058e-11 1.232651452564899058e-11
4.696399207862622802e+02 1.232651452564899058e-11 1.232651452564899058e-11
4.715246881017417309e+02 1.232651452564899058e-11 1.232651452564899058e-11
4.734170193990639746e+02 1.232651452564899058e-11 1.232651452564899058e-11
4.753169450341360402e+02 1.232651452564899058e-11 1.232651452564899058e-11
4.772244954846898395e+02 1.232651452564899058e-11 1.232651452564899058e-11
4.791397013507709062e+02 1.232651452564899058e-11 1.232651452564899058e-11
4.810625933552295805e+02 1.232651452564899058e-11 1.232651452564899058e-11
4.829932023442135574e+02 1.232651452564899058e-11 1.232651452564899058e-11
4.849315592876630490e+02 1.232651452564899058e-11 1.232651452564899058e-11
4.868776952798071989e+02 1.232651452564899058e-11 1.232651452564899058e-11
4.888316415396630532e+02 1.232651452564899058e-11 1.232651452564899058e-11
4.907934294115365219e+02 1.232651452564899058e-11 1.232651452564899058e-11
4.927630903655249881e+02 1.232651452564899058e-11 1.232651452564899058e-11
4.947406559980220777e+02 1.232651452564899058e-11 1.232651452564899058e-11
4.967261580322247596e+02 1.232651452564899058e-11 1.232651452564899058e-11
4.987196283186420942e+02 1.232651452564899058e-11 1.232651452564899058e-11
5.007210988356061421e+02 1.232651452564899058e-11 1.232651452564899058e-11
5.027306016897849190e+02 1.232651452564899058e-11 1.232651452564899058e-11
5.047481691166975679e+02 1.232651452564899058e-11 1.232651452564899058e-11
5.067738334812314065e+02 1.232651452564899058e-11 1.232651452564899058e-11
5.088076272781610783e+02 1.232651452564899058e-11 1.232651452564899058e-11
5.108495831326698067e+02 1.232651452564899058e-11 1.232651452564899058e-11
5.128997338008726956e+02 1.232651452564899058e-11 1.232651452564899058e-11
5.149581121703425879e+02 1.232651452564899058e-11 1.232651452564899058e-11
5.170247512606370037e+02 1.232651452564899058e-11 1.232651452564899058e-11
5.190996842238281488e+02 1.232651452564899058e-11 1.232651452564899058e-11
5.211829443450350254e+02 1.232651452564899058e-11 1.232651452564899058e-11
5.232745650429567377e+02 1.232651452564899058e-11 1.232651452564899058e-11
5.253745798704090930e+02 1.232651452564899058e-11 1.232651452564899058e-11
5.274830225148624550e+02 1.232651452564899058e-11 1.232651452564899058e-11
5.295999267989826649e+02 1.232651452564899058e-11 1.232651452564899058e-11
5.317253266811729873e+02 1.232651452564899058e-11 1.232651452564899058e-11
5.338592562561194654e+02 1.232651452564899058e-11 1.232651452564899058e-11
5.360017497553371868e+02 1.232651452564899058e-11 1.232651452564899058e-11
5.381528415477199587e+02 1.232651452564899058e-11 1.232651452564899058e-11
5.403125661400914623e+02 1.232651452564899058e-11 1.232651452564899058e-11
5.424809581777587937e+02 1.232651452564899058e-11 1.232651452564899058e-11
5.446580524450681651e+02 1.232651452564899058e-11 1.232651452564899058e-11
5.468438838659629937e+02 1.232651452564899058e-11 1.232651452564899058e-11
5.490384875045439230e+02 1.232651452564899058e-11 1.232651452564899058e-11
5.512418985656316863e+02 1.232651452564899058e-11 1.232651452564899058e-11
5.534541523953314481e+02 1.232651452564899058e-11 1.232651452564899058e-11
5.556752844816002153e+02 1.232651452564899058e-11 1.232651452564899058e-11
5.579053304548157257e+02 1.232651452564899058e-11 1.232651452564899058e-11
5.601443260883481798e+02 1.232651452564899058e-11 1.232651452564899058e-11
5.623923072991342451e+02 1.232651452564899058e-11 1.232651452564899058e-11
5.646493101482529937e+02 1.232651452564899058e-11 1.232651452564899058e-11
5.669153708415043411e+02 1.232651452564899058e-11 1.232651452564899058e-11
5.691905257299900995e+02 1.232651452564899058e-11 1.232651452564899058e-11
5.714748113106970777e+02 1.232651452564899058e-11 1.232651452564899058e-11
5.737682642270823408e+02 1.232651452564899058e-11 1.232651452564899058e-11
5.760709212696609711e+02 1.232651452564899058e-11 1.232651452564899058e-11
5.783828193765966716e+02 1.232651452564899058e-11 1.232651452564899058e-11
5.807039956342938467e+02 1.232651452564899058e-11 1.232651452564899058e-11
5.830344872779927528e+02 1.232651452564899058e-11 1.232651452564899058e-11
5.853743316923669227e+02 1.232651452564899058e-11 1.232651452564899058e-11
5.877235664121225227e+02 1.232651452564899058e-11 1.232651452564899058e-11
5.900822291226008929e+02 1.232651452564899058e-11 1.232651452564899058e-11
5.924503576603826787e+02 1.232651452564899058e-11 1.232651452564899058e-11
5.948279900138950325e+02 1.232651452564899058e-11 1.232651452564899058e-11
5.972151643240208614e+02 1.232651452564899058e-11 1.232651452564899058e-11
5.996119188847109172e+02 1.232651452564899058e-11 1.232651452564899058e-11
6.020182921435978187e+02 1.232651452564899058e-11 1.232651452564899058e-11
6.044343227026128034e+02 1.232651452564899058e-11 1.232651452564899058e-11
6.068600493186052063e+02 1.232651452564899058e-11 1.232651452564899058e-11
6.092955109039641002e+02 1.232651452564899058e-11 1.232651452564899058e-11
6.117407465272423224e+02 1.232651452564899058e-11 1.232651452564899058e-11
6.141957954137833440e+02 1.232651452564899058e-11 1.232651452564899058e-11
6.166606969463505266e+02 1.232651452564899058e-11 1.232651452564899058e-11
6.191354906657587662e+02 1.232651452564899058e-11 1.232651452564899058e-11
6.216202162715090935e+02 1.232651452564899058e-11 1.232651452564899058e-11
6.241149136224248650e+02 1.232651452564899058e-11 1.232651452564899058e-11
6.266196227372919338e+02 1.232651452564899058e-11 1.232651452564899058e-11
6.291343837955001845e+02 1.232651452564899058e-11 1.232651452564899058e-11
6.316592371376880237e+02 1.232651452564899058e-11 1.232651452564899058e-11
6.341942232663898267e+02 1.232651452564899058e-11 1.232651452564899058e-11
6.367393828466853165e+02 1.232651452564899058e-11 1.232651452564899058e-11
6.392947567068520129e+02 1.232651452564899058e-11 1.232651452564899058e-11
6.418603858390202959e+02 1.232651452564899058e-11 1.232651452564899058e-11
6.444363113998308563e+02 1.232651452564899058e-11 1.232651452564899058e-11
6.470225747110943075e+02 1.232651452564899058e-11 1.232651452564899058e-11
6.496192172604568214e+02 1.232651452564899058e-11 1.232651452564899058e-11
6.522262807020611035e+02 1.232651452564899058e-11 1.232651452564899058e-11
6.548438068572182829e+02 1.232651452564899058e-11 1.232651452564899058e-11
6.574718377150769584e+02 1.232651452564899058e-11 1.232651452564899058e-11
6.601104154332975895e+02 1.232651452564899058e-11 1.232651452564899058e-11
6.627595823387287055e+02 1.232651452564899058e-11 1.232651452564899058e-11
6.654193809280852747e+02 1.232651452564899058e-11 1.232651452564899058e-11
6.680898538686310530e+02 1.232651452564899058e-11 1.232651452564899058e-11
6.707710439988629787e+02 1.232651452564899058e-11 1.232651452564899058e-11
6.734629943291979544e+02 1.232651452564899058e-11 1.232651452564899058e-11
6.761657480426631537e+02 1.232651452564899058e-11 1.232651452564899058e-11
6.788793484955887152e+02 1.232651452564899058e-11 1.232651452564899058e-11
6.816038392183029373e+02 1.232651452564899058e-11 1.232651452564899058e-11
6.843392639158312249e+02 1.232651452564899058e-11 1.232651452564899058e-11
6.870856664685962869e+02 1.232651452564899058e-11 1.232651452564899058e-11
6.898430909331229941e+02 1.232651452564899058e-11 1.232651452564899058e-11
6.926115815427442612e+02 1.232651452564899058e-11 1.232651452564899058e-11
6.953911827083112485e+02 1.232651452564899058e-11 1.232651452564899058e-11
6.981819390189053820e+02 1.232651452564899058e-11 1.232651452564899058e-11
7.009838952425538992e+02 1.232651452564899058e-11 1.232651452564899058e-11
7.037970963269478943e+02 1.232651452564899058e-11 1.232651452564899058e-11
7.066215874001632073e+02 1.232651452564899058e-11 1.232651452564899058e-11
7.094574137713846085e+02 1.232651452564899058e-11 1.232651452564899058e-11
7.123046209316324848e+02 1.232651452564899058e-11 1.232651452564899058e-11
7.151632545544924824e+02 1.232651452564899058e-11 1.232651452564899058e-11
7.180333604968483314e+02 1.232651452564899058e-11 1.232651452564899058e-11
7.209149847996175140e+02 1.232651452564899058e-11 1.232651452564899058e-11
7.238081736884897737e+02 1.232651452564899058e-11 1.232651452564899058e-11
7.267129735746685810e+02 1.232651452564899058e-11 1.232651452564899058e-11
7.296294310556154414e+02 1.232651452564899058e-11 1.232651452564899058e-11
7.325575929157979544e+02 1.232651452564899058e-11 1.232651452564899058e-11
7.354975061274398058e+02 1.232651452564899058e-11 1.232651452564899058e-11
7.384492178512745113e+02 1.232651452564899058e-11 1.232651452564899058e-11
7.414127754373018888e+02 1.232651452564899058e-11 1.232651452564899058e-11
7.443882264255476002e+02 1.232651452564899058e-11 1.232651452564899058e-11
7.473756185468257627e+02 1.232651452564899058e-11 1.232651452564899058e-11
7.503749997235046294e+02 1.232651452564899058e-11 1.232651452564899058e-11
7.533864180702754538e+02 1.232651452564899058e-11 1.232651452564899058e-11
7.564099218949240822e+02 1.232651452564899058e-11 1.232651452564899058e-11
7.594455596991062976e+02 1.232651452564899058e-11 1.232651452564899058e-11
7.624933801791252108e+02 1.232651452564899058e-11 1.232651452564899058e-11
7.655534322267131984e+02 1.232651452564899058e-11 1.232651452564899058e-11
7.686257649298154320e+02 1.232651452564899058e-11 1.232651452564899058e-11
7.717104275733780696e+02 1.232651452564899058e-11 1.232651452564899058e-11
7.748074696401381516e+02 1.232651452564899058e-11 1.232651452564899058e-11
7.779169408114180442e+02 1.232651452564899058e-11 1.232651452564899058e-11
7.810388909679218159e+02 1.232651452564899058e-11 1.232651452564899058e-11
7.841733701905359339e+02 1.232651452564899058e-11 1.232651452564899058e-11
7.873204287611318932e+02 1.232651452564899058e-11 1.232651452564899058e-11
7.904801171633739614e+02 1.232651452564899058e-11 1.232651452564899058e-11
7.936524860835278332e+02 1.232651452564899058e-11 1.232651452564899058e-11
7.968375864112745148e+02 1.232651452564899058e-11 1.232651452564899058e-11
8.000354692405261403e+02 1.232651452564899058e-11 1.232651452564899058e-11
8.032461858702459949e+02 1.232651452564899058e-11 1.232651452564899058e-11
8.064697878052713804e+02 1.232651452564899058e-11 1.232651452564899058e-11
8.097063267571394363e+02 1.232651452564899058e-11 1.232651452564899058e-11
8.129558546449173946e+02 1.232651452564899058e-11 1.232651452564899058e-11
8.162184235960345404e+02 1.232651452564899058e-11 1.232651452564899058e-11
8.194940859471191743e+02 1.232651452564899058e-11 1.232651452564899058e-11
8.227828942448378484e+02 1.232651452564899058e-11 1.232651452564899058e-11
8.260849012467383545e+02 1.232651452564899058e-11 1.232651452564899058e-11
8.294001599220960088e+02 1.232651452564899058e-11 1.232651452564899058e-11
8.327287234527631199e+02 1.232651452564899058e-11 1.232651452564899058e-11
8.360706452340227770e+02 1.232651452564899058e-11 1.232651452564899058e-11
8.394259788754446845e+02 1.232651452564899058e-11 1.232651452564899058e-11
8.427947782017455438e+02 1.232651452564899058e-11 1.232651452564899058e-11
8.461770972536523914e+02 1.232651452564899058e-11 1.232651452564899058e-11
8.495729902887693470e+02 1.232651452564899058e-11 1.232651452564899058e-11
8.529825117824481140e+02 1.232651452564899058e-11 1.232651452564899058e-11
8.564057164286621173e+02 1.232651452564899058e-11 1.232651452564899058e-11
8.598426591408833701e+02 1.232651452564899058e-11 1.232651452564899058e-11
8.632933950529635467e+02 1.232651452564899058e-11 1.232651452564899058e-11
8.667579795200186936e+02 1.232651452564899058e-11 1.232651452564899058e-11
8.702364681193167826e+02 1.232651452564899058e-11 1.232651452564899058e-11
8.737289166511698113e+02 1.232651452564899058e-11 1.232651452564899058e-11
8.772353811398281778e+02 1.232651452564899058e-11 1.232651452564899058e-11
8.807559178343800568e+02 1.232651452564899058e-11 1.232651452564899058e-11
8.842905832096533914e+02 1.232651452564899058e-11 1.232651452564899058e-11
8.878394339671219768e+02 1.232651452564899058e-11 1.232651452564899058e-11
8.914025270358148418e+02 1.232651452564899058e-11 1.232651452564899058e-11
8.949799195732296084e+02 1.232651452564899058e-11 1.232651452564899058e-11
8.985716689662496037e+02 1.232651452564899058e-11 1.232651452564899058e-11
9.021778328320641549e+02 1.232651452564899058e-11 1.232651452564899058e-11
9.057984690190926358e+02 1.232651452564899058e-11 1.232651452564899058e-11
9.094336356079120378e+02 1.232651452564899058e-11 1.232651452564899058e-11
9.130833909121922716e+02 1.232651452564899058e-11 1.232651452564899058e-11
9.167477934796257841e+02 1.232651452564899058e-11 1.232651452564899058e-11
9.204269020928703640e+02 1.232651452564899058e-11 1.232651452564899058e-11
9.241207757704919459e+02 1.232651452564899058e-11 1.232651452564899058e-11
9.278294737679102582e+02 1.232651452564899058e-11 1.232651452564899058e-11
9.315530555783502678e+02 1.232651452564899058e-11 1.232651452564899058e-11
9.352915809337962401e+02 1.232651452564899058e-11 1.232651452564899058e-11
9.390451098059496644e+02 1.232651452564899058e-11 1.232651452564899058e-11
9.428137024071917267e+02 1.232651452564899058e-11 1.232651452564899058e-11
9.465974191915490792e+02 1.232651452564899058e-11 1.232651452564899058e-11
9.503963208556632480e+02 1.232651452564899058e-11 1.232651452564899058e-11
9.542104683397650433e+02 1.232651452564899058e-11 1.232651452564899058e-11
9.580399228286511288e+02 1.232651452564899058e-11 1.232651452564899058e-11
9.618847457526667313e+02 1.232651452564899058e-11 1.232651452564899058e-11
9.657449987886899407e+02 1.232651452564899058e-11 1.232651452564899058e-11
9.696207438611216958e+02 1.232651452564899058e-11 1.232651452564899058e-11
9.735120431428794063e+02 1.232651452564899058e-11 1.232651452564899058e-11
9.774189590563933052e+02 1.232651452564899058e-11 1.232651452564899058e-11
9.813415542746090523e+02 1.232651452564899058e-11 1.232651452564899058e-11
9.852798917219921577e+02 1.232651452564899058e-11 1.232651452564899058e-11
9.892340345755377484e+02 1.232651452564899058e-11 1.232651452564899058e-11
9.932040462657840862e+02 1.232651452564899058e-11 1.232651452564899058e-11
9.971899904778298378e+02 1.232651452564899058e-11 1.232651452564899058e-11
1.001191931152356119e+03 1.232651452564899058e-11 1.232651452564899058e-11
1.005209932486651724e+03 1.232651452564899058e-11 1.232651452564899058e-11
1.009244058935643238e+03 1.232651452564899058e-11 1.232651452564899058e-11
1.013294375212928799e+03 1.232651452564899058e-11 1.232651452564899058e-11
1.017360946291816390e+03 1.232651452564899058e-11 1.232651452564899058e-11
1.021443837406366015e+03 1.232651452564899058e-11 1.232651452564899058e-11
1.025543114052436295e+03 1.232651452564899058e-11 1.232651452564899058e-11
1.029658841988734594e+03 1.232651452564899058e-11 1.232651452564899058e-11
1.033791087237872944e+03 1.232651452564899058e-11 1.232651452564899058e-11
1.037939916087426127e+03 1.232651452564899058e-11 1.232651452564899058e-11
1.042105395090995216e+03 1.232651452564899058e-11 1.232651452564899058e-11
1.046287591069275777e+03 1.232651452564899058e-11 1.232651452564899058e-11
1.050486571111129024e+03 1.232651452564899058e-11 1.232651452564899058e-11
1.054702402574658663e+03 1.232651452564899058e-11 1.232651452564899058e-11
1.058935153088291145e+03 1.232651452564899058e-11 1.232651452564899058e-11
1.063184890551860235e+03 1.232651452564899058e-11 1.232651452564899058e-11
1.067451683137696818e+03 1.232651452564899058e-11 1.232651452564899058e-11
1.071735599291722110e+03 1.232651452564899058e-11 1.232651452564899058e-11
1.076036707734545644e+03 1.232651452564899058e-11 1.232651452564899058e-11
1.080355077462567806e+03 1.232651452564899058e-11 1.232651452564899058e-11
1.084690777749086692e+03 1.232651452564899058e-11 1.232651452564899058e-11
1.089043878145409053e+03 1.232651452564899058e-11 1.232651452564899058e-11
1.093414448481966019e+03 1.232651452564899058e-11 1.232651452564899058e-11
1.097802558869433824e+03 1.232651452564899058e-11 1.232651452564899058e-11
1.102208279699857940e+03 1.232651452564899058e-11 1.232651452564899058e-11
1.106631681647782443e+03 1.232651452564899058e-11 1.232651452564899058e-11
1.111072835671383928e+03 1.232651452564899058e-11 1.232651452564899058e-11
1.115531813013609280e+03 1.232651452564899058e-11 1.232651452564899058e-11
1.120008685203319146e+03 1.232651452564899058e-11 1.232651452564899058e-11
1.124503524056435026e+03 1.232651452564899058e-11 1.232651452564899058e-11
1.129016401677090926e+03 1.232651452564899058e-11 1.232651452564899058e-11
1.133547390458791369e+03 1.232651452564899058e-11 1.232651452564899058e-11
1.138096563085570779e+03 1.232651452564899058e-11 1.232651452564899058e-11
1.142663992533161036e+03 1.232651452564899058e-11 1.232651452564899058e-11
1.147249752070161321e+03 1.232651452564899058e-11 1.232651452564899058e-11
1.151853915259214091e+03 1.232651452564899058e-11 1.232651452564899058e-11
1.156476555958184008e+03 1.232651452564899058e-11 1.232651452564899058e-11
1.161117748321343697e+03 1.232651452564899058e-11 1.232651452564899058e-11
1.165777566800563591e+03 1.232651452564899058e-11 1.232651452564899058e-11
1.170456086146504731e+03 1.232651452564899058e-11 1.232651452564899058e-11
1.175153381409819758e+03 1.232651452564899058e-11 1.232651452564899058e-11
1.179869527942355035e+03 1.232651452564899058e-11 1.232651452564899058e-11
1.184604601398361183e+03 1.232651452564899058e-11 1.232651452564899058e-11
1.189358677735705442e+03 1.232651452564899058e-11 1.232651452564899058e-11
1.194131833217090389e+03 1.232651452564899058e-11 1.232651452564899058e-11
1.198924144411277211e+03 1.232651452564899058e-11 1.232651452564899058e-11
1.203735688194315117e+03 1.232651452564899058e-11 1.232651452564899058e-11
1.208566541750772558e+03 1.232651452564899058e-11 1.232651452564899058e-11
1.213416782574977560e+03 1.232651452564899058e-11 1.232651452564899058e-11
1.218286488472258725e+03 1.232651452564899058e-11 1.232651452564899058e-11
1.223175737560194875e+03 1.232651452564899058e-11 1.232651452564899058e-11
1.228084608269868113e+03 1.232651452564899058e-11 1.232651452564899058e-11
1.233013179347120740e+03 1.232651452564899058e-11 1.232651452564899058e-11
1.237961529853819684e+03 1.232651452564899058e-11 1.232651452564899058e-11
1.242929739169124787e+03 1.232651452564899058e-11 1.232651452564899058e-11
1.247917886990760735e+03 1.232651452564899058e-11 1.232651452564899058e-11
1.252926053336297628e+03 1.232651452564899058e-11 1.232651452564899058e-11
1.257954318544432681e+03 1.232651452564899058e-11 1.232651452564899058e-11
1.263002763276280348e+03 1.232651452564899058e-11 1.232651452564899058e-11
1.268071468516665391e+03 1.232651452564899058e-11 1.232651452564899058e-11
1.273160515575422323e+03 1.232651452564899058e-11 1.232651452564899058e-11
1.278269986088700080e+03 1.232651452564899058e-11 1.232651452564899058e-11
1.283399962020270777e+03 1.232651452564899058e-11 1.232651452564899058e-11
1.288550525662845303e+03 1.232651452564899058e-11 1.232651452564899058e-11
1.293721759639393213e+03 1.232651452564899058e-11 1.232651452564899058e-11
1.298913746904467644e+03 1.232651452564899058e-11 1.232651452564899058e-11
1.304126570745536810e+03 1.232651452564899058e-11 1.232651452564899058e-11
1.309360314784319371e+03 1.232651452564899058e-11 1.232651452564899058e-11
1.314615062978126616e+03 1.232651452564899058e-11 1.232651452564899058e-11
1.319890899621208064e+03 1.232651452564899058e-11 1.232651452564899058e-11
1.325187909346105243e+03 1.232651452564899058e-11 1.232651452564899058e-11
1.330506177125008207e+03 1.232651452564899058e-11 1.232651452564899058e-11
1.335845788271118408e+03 1.232651452564899058e-11 1.232651452564899058e-11
1.341206828440018626e+03 1.232651452564899058e-11 1.232651452564899058e-11
1.346589383631045393e+03 1.232651452564899058e-11 1.232651452564899058e-11
1.351993540188670067e+03 1.232651452564899058e-11 1.232651452564899058e-11
1.357419384803882394e+03 1.232651452564899058e-11 1.232651452564899058e-11
1.362867004515582721e+03 1.232651452564899058e-11 1.232651452564899058e-11
1.368336486711976477e+03 1.232651452564899058e-11 1.232651452564899058e-11
1.373827919131978206e+03 1.232651452564899058e-11 1.232651452564899058e-11
1.379341389866616737e+03 1.232651452564899058e-11 1.232651452564899058e-11
1.384876987360450130e+03 1.232651452564899058e-11 1.232651452564899058e-11
1.390434800412983577e+03 1.232651452564899058e-11 1.232651452564899058e-11
1.396014918180093446e+03 1.232651452564899058e-11 1.232651452564899058e-11
1.401617430175459049e+03 1.232651452564899058e-11 1.232651452564899058e-11
1.407242426271996464e+03 1.232651452564899058e-11 1.232651452564899058e-11
1.412889996703302586e+03 1.232651452564899058e-11 1.232651452564899058e-11
1.418560232065100536e+03 1.232651452564899058e-11 1.232651452564899058e-11
1.424253223316693948e+03 1.232651452564899058e-11 1.232651452564899058e-11
1.429969061782426024e+03 1.232651452564899058e-11 1.232651452564899058e-11
1.435707839153144732e+03 1.232651452564899058e-11 1.232651452564899058e-11
1.441469647487672773e+03 1.232651452564899058e-11 1.232651452564899058e-11
1.447254579214285741e+03 1.232651452564899058e-11 1.232651452564899058e-11
1.453062727132193231e+03 1.232651452564899058e-11 1.232651452564899058e-11
1.458894184413029052e+03 1.232651452564899058e-11 1.232651452564899058e-11
1.464749044602344384e+03 1.232651452564899058e-11 1.232651452564899058e-11
1.470627401621109357e+03 1.232651452564899058e-11 1.232651452564899058e-11
1.476529349767219628e+03 1.232651452564899058e-11 1.232651452564899058e-11
1.482454983717008872e+03 1.232651452564899058e-11 1.232651452564899058e-11
1.488404398526766954e+03 1.232651452564899058e-11 1.232651452564899058e-11
1.494377689634265835e+03 1.232651452564899058e-11 1.232651452564899058e-11
1.500374952860289795e+03 1.232651452564899058e-11 1.232651452564899058e-11
1.506396284410173166e+03 1.232651452564899058e-11 1.232651452564899058e-11
1.512441780875343056e+03 1.232651452564899058e-11 1.232651452564899058e-11
1.518511539234868451e+03 1.232651452564899058e-11 1.232651452564899058e-11
1.524605656857017493e+03 1.232651452564899058e-11 1.232651452564899058e-11
1.530724231500817723e+03 1.232651452564899058e-11 1.232651452564899058e-11
1.536867361317624955e+03 1.232651452564899058e-11 1.232651452564899058e-11
1.543035144852698068e+03 1.232651452564899058e-11 1.232651452564899058e-11
1.549227681046779480e+03 1.232651452564899058e-11 1.232651452564899058e-11
1.555445069237681992e+03 1.232651452564899058e-11 1.232651452564899058e-11
1.561687409161881760e+03 1.232651452564899058e-11 1.232651452564899058e-11
1.567954800956123108e+03 1.232651452564899058e-11 1.232651452564899058e-11
1.574247345159017186e+03 1.232651452564899058e-11 1.232651452564899058e-11
1.580565142712658826e+03 1.232651452564899058e-11 1.232651452564899058e-11
1.586908294964246579e+03 1.232651452564899058e-11 1.232651452564899058e-11
1.593276903667706847e+03 1.232651452564899058e-11 1.232651452564899058e-11
1.599671070985326878e+03 1.232651452564899058e-11 1.232651452564899058e-11
1.606090899489393223e+03 1.232651452564899058e-11 1.232651452564899058e-11
1.612536492163837693e+03 1.232651452564899058e-11 1.232651452564899058e-11
1.619007952405888545e+03 1.232651452564899058e-11 1.232651452564899058e-11
1.625505384027730088e+03 1.232651452564899058e-11 1.232651452564899058e-11
1.632028891258167732e+03 1.232651452564899058e-11 1.232651452564899058e-11
1.638578578744299193e+03 1.232651452564899058e-11 1.232651452564899058e-11
1.645154551553193869e+03 1.232651452564899058e-11 1.232651452564899058e-11
1.651756915173578818e+03 1.232651452564899058e-11 1.232651452564899058e-11
1.658385775517529737e+03 1.232651452564899058e-11 1.232651452564899058e-11
1.665041238922170578e+03 1.232651452564899058e-11 1.232651452564899058e-11
1.671723412151379762e+03 1.232651452564899058e-11 1.232651452564899058e-11
1.678432402397502074e+03 1.232651452564899058e-11 1.232651452564899058e-11
1.685168317283068291e+03 1.232651452564899058e-11 1.232651452564899058e-11
1.691931264862522767e+03 1.232651452564899058e-11 1.232651452564899058e-11
1.698721353623954883e+03 1.232651452564899058e-11 1.232651452564899058e-11
1.705538692490840731e+03 1.232651452564899058e-11 1.232651452564899058e-11
1.712383390823790023e+03 1.232651452564899058e-11 1.232651452564899058e-11
1.719255558422300965e+03 1.232651452564899058e-11 1.232651452564899058e-11
1.726155305526519896e+03 1.232651452564899058e-11 1.232651452564899058e-11
1.733082742819012083e+03 1.232651452564899058e-11 1.232651452564899058e-11
1.740037981426534998e+03 1.232651452564899058e-11 1.232651452564899058e-11
1.747021132921822982e+03 1.232651452564899058e-11 1.232651452564899058e-11
1.754032309325375536e+03 1.232651452564899058e-11 1.232651452564899058e-11
1.761071623107254709e+03 1.232651452564899058e-11 1.232651452564899058e-11
1.768139187188889537e+03 1.232651452564899058e-11 1.232651452564899058e-11
1.775235114944887528e+03 1.232651452564899058e-11 1.232651452564899058e-11
1.782359520204853197e+03 1.232651452564899058e-11 1.232651452564899058e-11
1.789512517255213652e+03 1.232651452564899058e-11 1.232651452564899058e-11
1.796694220841052811e+03 1.232651452564899058e-11 1.232651452564899058e-11
1.803904746167951544e+03 1.232651452564899058e-11 1.232651452564899058e-11
1.811144208903835306e+03 1.232651452564899058e-11 1.232651452564899058e-11
1.818412725180830648e+03 1.232651452564899058e-11 1.232651452564899058e-11
1.825710411597127631e+03 1.232651452564899058e-11 1.232651452564899058e-11
1.833037385218849977e+03 1.232651452564899058e-11 1.232651452564899058e-11
1.840393763581933626e+03 1.232651452564899058e-11 1.232651452564899058e-11
1.847779664694011444e+03 1.232651452564899058e-11 1.232651452564899058e-11
1.855195207036306783e+03 1.232651452564899058e-11 1.232651452564899058e-11
1.862640509565534330e+03 1.232651452564899058e-11 1.232651452564899058e-11
1.870115691715807088e+03 1.232651452564899058e-11 1.232651452564899058e-11
1.877620873400554274e+03 1.232651452564899058e-11 1.232651452564899058e-11
1.885156175014443079e+03 1.232651452564899058e-11 1.232651452564899058e-11
1.892721717435310666e+03 1.232651452564899058e-11 1.232651452564899058e-11
1.900317622026103891e+03 1.232651452564899058e-11 1.232651452564899058e-11
1.907944010636825169e+03 1.232651452564899058e-11 1.232651452564899058e-11
1.915601005606487433e+03 1.232651452564899058e-11 1.232651452564899058e-11
1.923288729765077051e+03 1.232651452564899058e-11 1.232651452564899058e-11
1.931007306435523560e+03 1.232651452564899058e-11 1.232651452564899058e-11
1.938756859435678280e+03 1.232651452564899058e-11 1.232651452564899058e-11
1.946537513080300869e+03 1.232651452564899058e-11 1.232651452564899058e-11
1.954349392183052942e+03 1.232651452564899058e-11 1.232651452564899058e-11
1.962192622058500547e+03 1.232651452564899058e-11 1.232651452564899058e-11
1.970067328524124605e+03 1.232651452564899058e-11 1.232651452564899058e-11
1.977973637902338623e+03 1.232651452564899058e-11 1.232651452564899058e-11
1.985911677022515732e+03 1.232651452564899058e-11 1.232651452564899058e-11
1.993881573223022997e+03 1.232651452564899058e-11 1.232651452564899058e-11
2.001883454353263915e+03 1.232651452564899058e-11 1.232651452564899058e-11
2.009917448775729781e+03 1.232651452564899058e-11 1.232651452564899058e-11
2.017983685368057877e+03 1.232651452564899058e-11 1.232651452564899058e-11
2.026082293525100340e+03 1.232651452564899058e-11 1.232651452564899058e-11
2.034213403160998723e+03 1.232651452564899058e-11 1.232651452564899058e-11
2.042377144711268102e+03 1.232651452564899058e-11 1.232651452564899058e-11
2.050573649134889820e+03 1.232651452564899058e-11 1.232651452564899058e-11
2.058803047916412197e+03 1.232651452564899058e-11 1.232651452564899058e-11
2.067065473068060328e+03 1.232651452564899058e-11 1.232651452564899058e-11
2.075361057131851339e+03 1.232651452564899058e-11 1.232651452564899058e-11
2.083689933181724427e+03 1.232651452564899058e-11 1.232651452564899058e-11
2.092052234825671803e+03 1.232651452564899058e-11 1.232651452564899058e-11
2.100448096207885101e+03 1.232651452564899058e-11 1.232651452564899058e-11
2.108877652010904967e+03 1.232651452564899058e-11 1.232651452564899058e-11
2.117341037457782477e+03 1.232651452564899058e-11 1.232651452564899058e-11
2.125838388314248277e+03 1.232651452564899058e-11 1.232651452564899058e-11
2.134369840890890828e+03 1.232651452564899058e-11 1.232651452564899058e-11
2.142935532045342370e+03 1.232651452564899058e-11 1.232651452564899058e-11
2.151535599184474449e+03 1.232651452564899058e-11 1.232651452564899058e-11
2.160170180266602983e+03 1.232651452564899058e-11 1.232651452564899058e-11
2.168839413803699699e+03 1.232651452564899058e-11 1.232651452564899058e-11
2.177543438863616302e+03 1.232651452564899058e-11 1.232651452564899058e-11
2.186282395072312738e+03 1.232651452564899058e-11 1.232651452564899058e-11
2.195056422616099098e+03 1.232651452564899058e-11 1.232651452564899058e-11
2.203865662243883889e+03 1.232651452564899058e-11 1.232651452564899058e-11
2.212710255269430945e+03 1.232651452564899058e-11 1.232651452564899058e-11
2.221590343573627706e+03 1.232651452564899058e-11 1.232651452564899058e-11
2.230506069606759866e+03 1.232651452564899058e-11 1.232651452564899058e-11
2.239457576390797840e+03 1.232651452564899058e-11 1.232651452564899058e-11
2.248445007521690059e+03 1.232651452564899058e-11 1.232651452564899058e-11
2.257468507171666261e+03 1.232651452564899058e-11 1.232651452564899058e-11
2.266528220091551702e+03 1.232651452564899058e-11 1.232651452564899058e-11
2.275624291613087735e+03 1.232651452564899058e-11 1.232651452564899058e-11
2.284756867651263292e+03 1.232651452564899058e-11 1.232651452564899058e-11
2.293926094706656841e+03 1.232651452564899058e-11 1.232651452564899058e-11
2.303132119867784695e+03 1.232651452564899058e-11 1.232651452564899058e-11
2.312375090813462066e+03 1.232651452564899058e-11 1.232651452564899058e-11
2.321655155815170929e+03 1.232651452564899058e-11 1.232651452564899058e-11
2.330972463739439718e+03 1.232651452564899058e-11 1.232651452564899058e-11
2.340327164050229840e+03 1.232651452564899058e-11 1.232651452564899058e-11
2.349719406811334466e+03 1.232651452564899058e-11 1.232651452564899058e-11
2.359149342688785509e+03 1.232651452564899058e-11 1.232651452564899058e-11
2.368617122953270609e+03 1.232651452564899058e-11 1.232651452564899058e-11
2.378122899482557386e+03 1.232651452564899058e-11 1.232651452564899058e-11
2.387666824763938621e+03 1.232651452564899058e-11 1.232651452564899058e-11
2.397249051896664696e+03 1.232651452564899058e-11 1.232651452564899058e-11
2.406869734594410147e+03 1.232651452564899058e-11 1.232651452564899058e-11
2.416529027187734755e+03 1.232651452564899058e-11 1.232651452564899058e-11
2.426227084626560099e+03 1.232651452564899058e-11 1.232651452564899058e-11
2.435964062482657482e+03 1.232651452564899058e-11 1.232651452564899058e-11
2.445740116952139488e+03 1.232651452564899058e-11 1.232651452564899058e-11
2.455555404857969279e+03 1.232651452564899058e-11 1.232651452564899058e-11
2.465410083652473531e+03 1.232651452564899058e-11 1.232651452564899058e-11
2.475304311419870828e+03 1.232651452564899058e-11 1.232651452564899058e-11
2.485238246878804603e+03 1.232651452564899058e-11 1.232651452564899058e-11
2.495212049384891543e+03 1.232651452564899058e-11 1.232651452564899058e-11
2.505225878933277272e+03 1.232651452564899058e-11 1.232651452564899058e-11
2.515279896161202942e+03 1.232651452564899058e-11 1.232651452564899058e-11
2.525374262350580921e+03 1.232651452564899058e-11 1.232651452564899058e-11
2.535509139430584582e+03 1.232651452564899058e-11 1.232651452564899058e-11
2.545684689980242638e+03 1.232651452564899058e-11 1.232651452564899058e-11
2.555901077231050294e+03 1.232651452564899058e-11 1.232651452564899058e-11
2.566158465069585873e+03 1.232651452564899058e-11 1.232651452564899058e-11
2.576457018040139701e+03 1.232651452564899058e-11 1.232651452564899058e-11
2.586796901347354378e+03 1.232651452564899058e-11 1.232651452564899058e-11
2.597178280858875951e+03 1.232651452564899058e-11 1.232651452564899058e-11
2.607601323108011456e+03 1.232651452564899058e-11 1.232651452564899058e-11
2.618066195296403293e+03 1.232651452564899058e-11 1.232651452564899058e-11
2.628573065296711320e+03 1.232651452564899058e-11 1.232651452564899058e-11
2.639122101655304050e+03 1.232651452564899058e-11 1.232651452564899058e-11
2.649713473594963034e+03 1.232651452564899058e-11 1.232651452564899058e-11
2.660347351017598157e+03 1.232651452564899058e-11 1.232651452564899058e-11
2.671023904506972940e+03 1.232651452564899058e-11 1.232651452564899058e-11
2.681743305331440297e+03 1.232651452564899058e-11 1.232651452564899058e-11
2.692505725446690121e+03 1.232651452564899058e-11 1.232651452564899058e-11
2.703311337498508692e+03 1.232651452564899058e-11 1.232651452564899058e-11
2.714160314825546720e+03 1.232651452564899058e-11 1.232651452564899058e-11
2.725052831462101040e+03 1.232651452564899058e-11 1.232651452564899058e-11
2.735989062140906299e+03 1.232651452564899058e-11 1.232651452564899058e-11
2.746969182295937571e+03 1.232651452564899058e-11 1.232651452564899058e-11
2.757993368065223876e+03 1.232651452564899058e-11 1.232651452564899058e-11
2.769061796293674888e+03 1.232651452564899058e-11 1.232651452564899058e-11
2.780174644535918560e+03 1.232651452564899058e-11 1.232651452564899058e-11
2.791332091059146933e+03 1.232651452564899058e-11 1.232651452564899058e-11
2.802534314845977406e+03 1.232651452564899058e-11 1.232651452564899058e-11
2.813781495597324465e+03 1.232651452564899058e-11 1.232651452564899058e-11
2.825073813735279600e+03 1.232651452564899058e-11 1.232651452564899058e-11
2.836411450406009862e+03 1.232651452564899058e-11 1.232651452564899058e-11
2.847794587482659153e+03 1.232651452564899058e-11 1.232651452564899058e-11
2.859223407568269522e+03 1.232651452564899058e-11 1.232651452564899058e-11
2.870698093998707918e+03 1.232651452564899058e-11 1.232651452564899058e-11
2.882218830845608863e+03 1.232651452564899058e-11 1.232651452564899058e-11
2.893785802919325306e+03 1.232651452564899058e-11 1.232651452564899058e-11
2.905399195771895393e+03 1.232651452564899058e-11 1.232651452564899058e-11
2.917059195700017426e+03 1.232651452564899058e-11 1.232651452564899058e-11
2.928765989748039374e+03 1.232651452564899058e-11 1.232651452564899058e-11
2.940519765710958382e+03 1.232651452564899058e-11 1.232651452564899058e-11
2.952320712137434839e+03 1.232651452564899058e-11 1.232651452564899058e-11
2.964169018332814630e+03 1.232651452564899058e-11 1.232651452564899058e-11
2.976064874362168212e+03 1.232651452564899058e-11 1.232651452564899058e-11
2.988008471053338326e+03 1.232651452564899058e-11 1.232651452564899058e-11
3.000000000000000909e+03 1.232651452564899058e-11 1.232651452564899058e-11
