2000

4.135667659533206346e-07 4.417288335139781452e+01
4.171631913776134216e-07 4.419550663309684069e+01
4.207908917420061036e-07 4.421832724096699963e+01
4.244501390170695605e-07 4.424134689511527085e+01
4.281412075384649378e-07 4.426456733058711279e+01
4.318643740275066424e-07 4.428799029758781103e+01
4.356199176119109435e-07 4.431161756154824616e+01
4.394081198467208631e-07 4.433545090328691884e+01
4.432292647354177840e-07 4.435949211913159473e+01
4.470836387512084992e-07 4.438374302108922365e+01
4.509715308585052795e-07 4.440820543688739974e+01
4.548932325345884766e-07 4.443288121026476745e+01
4.588490377914615079e-07 4.445777220097775029e+01
4.628392431978885893e-07 4.448288028492970625e+01
4.668641479016316799e-07 4.450820735450469101e+01
4.709240536518761020e-07 4.453375531844476143e+01
4.750192648218563271e-07 4.455952610217502752e+01
4.791500884316698017e-07 4.458552164791809957e+01
4.833168341712979803e-07 4.461174391473826262e+01
4.875198144238220152e-07 4.463819487888131476e+01
4.917593442888456534e-07 4.466487653369482302e+01
4.960357416061135324e-07 4.469179088998079408e+01
5.003493269793432992e-07 4.471893997601603843e+01
5.047004238002591117e-07 4.474632583774849337e+01
5.090893582728407092e-07 4.477395053895452293e+01
5.135164594377732306e-07 4.480181616141290846e+01
5.179820591971196956e-07 4.482992480500364252e+01
5.224864923392014332e-07 4.485827858790975853e+01
5.270300965637012793e-07 4.488687964679895970e+01
5.316132125069758858e-07 4.491573013689581018e+01
5.362361837675966228e-07 4.494483223226051649e+01
5.408993569321076388e-07 4.497418812584344039e+01
5.456030816010135724e-07 4.500380002975045102e+01
5.503477104149832579e-07 4.503367017526895211e+01
5.551335990812915529e-07 4.506380081325990972e+01
5.599611064004857351e-07 4.509419421407175577e+01
5.648305942932839868e-07 4.512485266789255434e+01
5.697424278277127422e-07 4.515577848481832746e+01
5.746969752464701926e-07 4.518697399513088442e+01
5.796946079945374428e-07 4.521844154935498494e+01
5.847357007470239783e-07 4.525018351853855592e+01
5.898206314372614190e-07 4.528220229433197375e+01
5.949497812851310531e-07 4.531450028926788320e+01
6.001235348256483412e-07 4.534707993686617300e+01
6.053422799377896702e-07 4.537994369185857835e+01
6.106064078735758653e-07 4.541309403034955494e+01
6.159163132873983765e-07 4.544653345004555689e+01
6.212723942656110094e-07 4.548026447033995368e+01
6.266750523563722728e-07 4.551428963267397876e+01
6.321246925997540118e-07 4.554861150053284291e+01
6.376217235581015036e-07 4.558323265978066274e+01
6.431665573466670395e-07 4.561815571880129028e+01
6.487596096645049224e-07 4.565338330872647532e+01
6.544012998256410083e-07 4.568891808351266093e+01
6.600920507905017583e-07 4.572476272035861911e+01
6.658322891976286343e-07 4.576091991969234840e+01
6.716224453956613219e-07 4.579739240552691371e+01
6.774629534756052389e-07 4.583418292554603823e+01
6.833542513033692471e-07 4.587129425139784189e+01
6.892967805525966491e-07 4.590872917888533777e+01
6.952909867377760245e-07 4.594649052816811263e+01
7.013373192476460909e-07 4.598458114389035956e+01
7.074362313788792404e-07 4.602300389561477090e+01
7.135881803700708535e-07 4.606176167777977781e+01
7.197936274360154408e-07 4.610085741008538207e+01
7.260530378022899390e-07 4.614029403765771065e+01
7.323668807401238343e-07 4.618007453126939055e+01
7.387356296015859693e-07 4.622020188758641979e+01
7.451597618550694007e-07 4.626067912938757587e+01
7.516397591210925169e-07 4.630150930569157453e+01
7.581761072083987355e-07 4.634269549223518680e+01
7.647692961503830490e-07 4.638424079136998301e+01
7.714198202418284794e-07 4.642614833259049334e+01
7.781281780759627106e-07 4.646842127263574440e+01
7.848948725818430521e-07 4.651106279564672263e+01
7.917204110620531111e-07 4.655407611364904596e+01
7.986053052307395482e-07 4.659746446651426766e+01
8.055500712519800229e-07 4.664123112238360136e+01
8.125552297784717407e-07 4.668537937788794068e+01
8.196213059905704612e-07 4.672991255830938684e+01
8.267488296356626007e-07 4.677483401798530593e+01
8.339383350678785837e-07 4.682014714037626391e+01
8.411903612881601485e-07 4.686585533842993812e+01
8.485054519846603246e-07 4.691196205487083404e+01
8.558841555735098580e-07 4.695847076238793250e+01
8.633270252399297553e-07 4.700538496386443654e+01
8.708346189797091105e-07 4.705270819278081973e+01
8.784074996410301098e-07 4.710044401327008501e+01
8.860462349666704950e-07 4.714859602066896116e+01
8.937513976365646403e-07 4.719716784148685207e+01
9.015235653107442046e-07 4.724616313388371225e+01
9.093633206726355976e-07 4.729558558784895439e+01
9.172712514727509974e-07 4.734543892557294953e+01
9.252479505727486756e-07 4.739572690156793300e+01
9.332940159898867684e-07 4.744645330313431941e+01
9.414100509418470955e-07 4.749762195048342051e+01
9.495966638919655551e-07 4.754923669716256995e+01
9.578544685948449534e-07 4.760130143022885818e+01
9.661840841423763171e-07 4.765382007061345604e+01
9.745861350101408399e-07 4.770679657340645718e+01
9.830612511042355582e-07 4.776023492813485660e+01
9.916100678084935321e-07 4.781413915901639911e+01
1.000233226032125213e-06 4.786851332542016024e+01
1.008931372257758766e-06 4.792336152199339949e+01
1.017705158589913010e-06 4.797868787905739651e+01
1.026555242803882443e-06 4.803449656290111136e+01
1.035482288395059548e-06 4.809079177610571065e+01
1.044486964628664945e-06 4.814757775785036387e+01
1.053569946589930489e-06 4.820485878422408632e+01
1.062731915234709070e-06 4.826263916855931768e+01
1.071973557440524441e-06 4.832092326174675634e+01
1.081295566058073357e-06 4.837971545256494466e+01
1.090698639963158867e-06 4.843902016803203026e+01
1.100183484109090731e-06 4.849884187367997157e+01
1.109750809579541125e-06 4.855918507396485495e+01
1.119401333641844188e-06 4.862005431256439891e+01
1.129135779800777536e-06 4.868145417265913011e+01
1.138954877852801586e-06 4.874338927744323513e+01
1.148859363940771328e-06 4.880586429032751994e+01
1.158849980609132373e-06 4.886888391525774722e+01
1.168927476859579069e-06 4.893245289728496061e+01
1.179092608207214265e-06 4.899657602265936873e+01
1.189346136737187867e-06 4.906125811934204251e+01
1.199688831161838098e-06 4.912650405737885251e+01
1.210121466878310284e-06 4.919231874914771652e+01
1.220644826026697195e-06 4.925870714987577514e+01
1.231259697548671721e-06 4.932567425788118953e+01
1.241966877246643233e-06 4.939322511504013136e+01
1.252767167843406277e-06 4.946136480709847660e+01
1.263661379042329890e-06 4.953009846411844563e+01
1.274650327588057035e-06 4.959943126083540221e+01
1.285734837327745088e-06 4.966936841698278471e+01
1.296915739272816657e-06 4.973991519783420046e+01
1.308193871661270499e-06 4.981107691440425356e+01
1.319570080020519296e-06 4.988285892407314748e+01
1.331045217230789014e-06 4.995526663072722329e+01
1.342620143589045959e-06 5.002830548543423106e+01
1.354295726873502361e-06 5.010198098664279343e+01
1.366072842408672739e-06 5.017629868069718668e+01
1.377952373130993757e-06 5.025126416226817838e+01
1.389935209655029797e-06 5.032688307464506750e+01
1.402022250340226784e-06 5.040316111035128444e+01
1.414214401358270359e-06 5.048010401143738335e+01
1.426512576761029782e-06 5.055771756992052701e+01
1.438917698549069769e-06 5.063600762825767987e+01
1.451430696740783415e-06 5.071498007979784717e+01
1.464052509442113379e-06 5.079464086916458854e+01
1.476784082916879764e-06 5.087499599278341122e+01
1.489626371657732462e-06 5.095605149922476329e+01
1.502580338457694313e-06 5.103781348973698329e+01
1.515646954482349911e-06 5.112028811873813083e+01
1.528827199342662271e-06 5.120348159413640587e+01
1.542122061168399367e-06 5.128740017797239403e+01
1.555532536682224523e-06 5.137205018672133860e+01
1.569059631274419121e-06 5.145743799191185985e+01
1.582704359078254768e-06 5.154357002052702796e+01
1.596467743046033560e-06 5.163045275546436130e+01
1.610350815025763628e-06 5.171809273607500756e+01
1.624354615838527753e-06 5.180649655865767045e+01
1.638480195356508661e-06 5.189567087691848712e+01
1.652728612581710568e-06 5.198562240249330557e+01
1.667100935725335696e-06 5.207635790540130216e+01
1.681598242287879075e-06 5.216788421466130643e+01
1.696221619139904777e-06 5.226020821868282695e+01
1.710972162603540868e-06 5.235333686585629209e+01
1.725850978534652609e-06 5.244727716507372861e+01
1.740859182405761482e-06 5.254203618620874039e+01
1.755997899389667028e-06 5.263762106066751301e+01
1.771268264443812820e-06 5.273403898198768758e+01
1.786671422395357995e-06 5.283129720624052794e+01
1.802208528027016430e-06 5.292940305272629331e+01
1.817880746163625407e-06 5.302836390440583614e+01
1.833689251759486361e-06 5.312818720852908427e+01
1.849635229986432801e-06 5.322888047712645232e+01
1.865719876322694864e-06 5.333045128769046528e+01
1.881944396642523235e-06 5.343290728357688124e+01
1.898310007306589804e-06 5.353625617472280851e+01
1.914817935253192352e-06 5.364050573810447275e+01
1.931469418090219467e-06 5.374566381850363683e+01
1.948265704187942789e-06 5.385173832884321143e+01
1.965208052772621348e-06 5.395873725099998097e+01
1.982297734020882004e-06 5.406666863626294628e+01
1.999536029154963213e-06 5.417554060602569876e+01
2.016924230538760947e-06 5.428536135238174154e+01
2.034463641774718668e-06 5.439613913864513961e+01
2.052155577801569854e-06 5.450788230009401758e+01
2.070001364992900867e-06 5.462059924454662507e+01
2.088002341256597704e-06 5.473429845294858609e+01
2.106159856135164768e-06 5.484898848009507333e+01
2.124475270906873731e-06 5.496467795520133137e+01
2.142949958687838202e-06 5.508137558254699684e+01
2.161585304534951103e-06 5.519909014222353960e+01
2.180382705549719895e-06 5.531783049066530111e+01
2.199343570983022954e-06 5.543760556135377726e+01
2.218469322340740087e-06 5.555842436558745590e+01
2.237761393490335957e-06 5.568029599299358523e+01
2.257221230768354492e-06 5.580322961234973178e+01
2.276850293088862822e-06 5.592723447214406463e+01
2.296650052052806196e-06 5.605231990137524889e+01
2.316621992058348845e-06 3.816100999528010789e+02
2.336767610412153360e-06 2.313104784937714612e+03
2.357088417441649405e-06 6.128134675017006884e+03
2.377585936608240514e-06 8.636012226870232553e+03
2.398261704621533689e-06 8.636002160911040846e+03
2.419117271554541379e-06 8.635992001112368598e+03
2.440154200959904996e-06 8.635981744860460822e+03
2.461374069987092929e-06 8.635971387235655129e+03
2.482778469500654818e-06 8.635960927970581906e+03
2.504369004199482517e-06 8.635950368006080680e+03
2.526147292737131556e-06 8.635939706243960245e+03
2.548114967843147590e-06 8.635928941639096593e+03
2.570273676445488501e-06 8.635918073080396425e+03
2.592625079793992577e-06 8.635907099436119097e+03
2.615170853584918610e-06 8.635896019631774834e+03
2.637912688086590959e-06 8.635884832438530793e+03
2.660852288266093649e-06 8.635873536824041366e+03
2.683991373917105434e-06 8.635862131475676506e+03
2.707331679788848705e-06 8.635850615374793051e+03
2.730874955716114128e-06 8.635838987132674447e+03
2.754622966750469012e-06 8.635827245765844054e+03
2.778577493292576563e-06 8.635815389780189435e+03
2.802740331225668369e-06 8.635803418241905092e+03
2.827113292050205700e-06 8.635791329547475470e+03
2.851698203019655074e-06 8.635779122805908628e+03
2.876496907277495417e-06 8.635766796311774669e+03
2.901511263995414030e-06 8.635754349213355454e+03
2.926743148512660020e-06 8.635741779696354570e+03
2.952194452476658550e-06 8.635729086963199734e+03
2.977867083984823638e-06 8.635716269075353921e+03
3.003762967727605498e-06 8.635703325293687158e+03
3.029884045132805057e-06 8.635690253549750196e+03
3.056232274511092939e-06 8.635677053167775739e+03
3.082809631202840085e-06 8.635663721946122678e+03
3.109618107726226974e-06 8.635650259270152674e+03
3.136659713926590777e-06 8.635636662800197882e+03
3.163936477127127760e-06 8.635622931988227720e+03
3.191450442280874718e-06 8.635609064298949306e+03
3.219203672124015583e-06 8.635595059138982833e+03
3.247198247330550485e-06 8.635580913898411382e+03
3.275436266668247229e-06 8.635566628423302973e+03
3.303919847156013233e-06 8.635552199767467755e+03
3.332651124222600710e-06 8.635537627687182976e+03
3.361632251866698007e-06 8.635522909237548447e+03
3.390865402818437193e-06 8.635508044086485825e+03
3.420352768702250963e-06 8.635493029305036544e+03
3.450096560201195761e-06 8.635477864465459788e+03
3.480099007222708505e-06 8.635462546638002095e+03
3.510362359065744397e-06 8.635447075305026374e+03
3.540888884589435583e-06 8.635431447554787155e+03
3.571680872383180451e-06 8.635415662762034117e+03
3.602740630938214815e-06 8.635399718026626942e+03
3.634070488820705634e-06 8.635383612608326075e+03
3.665672794846287662e-06 8.635367343641668413e+03
3.697549918256172184e-06 8.635350910265537095e+03
3.729704248894793115e-06 8.635334309627498442e+03
3.762138197388933298e-06 8.635317540754140282e+03
3.794854195328477518e-06 8.635300600820799446e+03
3.827854695448702045e-06 8.635283488711982500e+03
3.861142171814153621e-06 8.635266201650772928e+03
3.894719120004156458e-06 8.635248738376449182e+03
3.928588057299865911e-06 8.635231096147279459e+03
3.962751522873011130e-06 8.635213273554874831e+03
3.997212077976280971e-06 8.635195267902035994e+03
4.031972306135298074e-06 8.635177077632633882e+03
4.067034813342335306e-06 8.635158700092359140e+03
4.102402228251683059e-06 8.635140133549661186e+03
4.138077202376712314e-06 8.635121375423661448e+03
4.174062410288689365e-06 8.635102423795799041e+03
4.210360549817244807e-06 8.635083276149196536e+03
4.246974342252656004e-06 8.635063930377897123e+03
4.283906532549882093e-06 8.635044384045859260e+03
4.321159889534315051e-06 8.635024634839637656e+03
4.358737206109384937e-06 8.635004680404288592e+03
4.396641299465938810e-06 8.634984518207118526e+03
4.434875011293441620e-06 8.634964145994792489e+03
4.473441207993049885e-06 8.634943560997729946e+03
4.512342780892457363e-06 8.634922761070130946e+03
4.551582646462693985e-06 8.634901743209446067e+03
4.591163746536765382e-06 8.634880505364901182e+03
4.631089048530195708e-06 8.634859044284563424e+03
4.671361545663531327e-06 8.634837358039385435e+03
4.711984257186691900e-06 8.634815443108542240e+03
4.752960228605350093e-06 8.634793297692154738e+03
4.794292531909281506e-06 8.634770917978234138e+03
4.835984265802622946e-06 8.634748302322974268e+03
4.878038555936215269e-06 8.634725446610655126e+03
4.920458555141929107e-06 8.634702349346534902e+03
4.963247443669024334e-06 8.634679006098433092e+03
5.006408429422609321e-06 8.634655415527511650e+03
5.049944748204089028e-06 8.634631572880420208e+03
5.093859663953778106e-06 8.634607477007235502e+03
5.138156468995629048e-06 8.634583122781607017e+03
5.182838484284004225e-06 8.634558509252467047e+03
5.227909059652689172e-06 8.634533630923966484e+03
5.273371574066014991e-06 8.634508487051856719e+03
5.319229435872180490e-06 8.634483071689186545e+03
5.365486083058807952e-06 8.634457384134540916e+03
5.412144983510639363e-06 8.634431418070313157e+03
5.459209635269551803e-06 8.634405173227278283e+03
5.506683566796834425e-06 8.634378642773695901e+03
5.554570337237665175e-06 8.634351827148117081e+03
5.602873536687977840e-06 8.634324718931067764e+03
5.651596786463605072e-06 8.634297318334789452e+03
5.700743739371758376e-06 8.634269617967158410e+03
5.750318079984922145e-06 8.634241617799560117e+03
5.800323524917029599e-06 8.634213310481754888e+03
5.850763823102124763e-06 8.634184695740636016e+03
5.901642756075457132e-06 8.634155766258898439e+03
5.952964138256923455e-06 8.634126521502294054e+03
6.004731817237073494e-06 8.634096954207681847e+03
6.056949674065562010e-06 8.634067063551387037e+03
6.109621623542096112e-06 8.634036842343830358e+03
6.162751614509977067e-06 8.634006289445957009e+03
6.216343630152082406e-06 8.633975397758356848e+03
6.270401688289527205e-06 8.633944165809996775e+03
6.324929841682874082e-06 8.633912586605280012e+03
6.379932178335957984e-06 8.633880658318752467e+03
6.435412821802413860e-06 8.633848374060655260e+03
6.491375931494748821e-06 8.633815731634109397e+03
6.547825702996215430e-06 8.633782724280612456e+03
6.604766368375384497e-06 8.633749349396906837e+03
6.662202196503364846e-06 8.633715600379382522e+03
6.720137493373878430e-06 8.633681474201279343e+03
6.778576602426081530e-06 8.633646964401164951e+03
6.837523904870176076e-06 8.633612067523237783e+03
6.896983820015922058e-06 8.633576777278103691e+03
6.956960805603881620e-06 8.633541089728996667e+03
7.017459358139655722e-06 8.633504998792057449e+03
7.078484013231026117e-06 8.633468500008981209e+03
7.140039345927917959e-06 8.633431587538972963e+03
7.202129971065443062e-06 8.633394256373914686e+03
7.264760543609863730e-06 8.633356500897285514e+03
7.327935759007566101e-06 8.633318315551550768e+03
7.391660353537131927e-06 8.633279694981474677e+03
7.455939104664341094e-06 8.633240633019537199e+03
7.520776831400378473e-06 8.633201124604025608e+03
7.586178394663161229e-06 8.633161162919628623e+03
7.652148697641682421e-06 8.633120743226665581e+03
7.718692686163654642e-06 8.633079858028046147e+03
7.785815349066301235e-06 8.633038502930776303e+03
7.853521718570339122e-06 8.632996669712520088e+03
7.921816870657317586e-06 8.632954354350131325e+03
7.990705925450078366e-06 8.632911547866338879e+03
8.060194047596658091e-06 8.632868246654958057e+03
8.130286446657519560e-06 8.632824440910246267e+03
8.200988377496040704e-06 8.632780127457730487e+03
8.272305140672522126e-06 8.632735295653767025e+03
8.344242082841565834e-06 8.632689942802713631e+03
8.416804597152898005e-06 8.632644057353920289e+03
8.489998123655756069e-06 8.632597637098911946e+03
8.563828149706640205e-06 8.632550618500436030e+03
8.638300210380769759e-06 8.632503005046530234e+03
8.713419888887031131e-06 8.632454920160813344e+03
8.789192816986534027e-06 8.632406255151927326e+03
8.865624675414901425e-06 8.632356923709654438e+03
8.942721194308054407e-06 8.632306997299037903e+03
9.020488153631847595e-06 8.632256603902882489e+03
9.098931383615456949e-06 8.632205528457277978e+03
9.178056765188365756e-06 8.632153697792971798e+03
9.257870230421331680e-06 8.632101357728974108e+03
9.338377762971104468e-06 8.632048519103605940e+03
9.419585398528995964e-06 8.631994820607926158e+03
9.501499225273454894e-06 8.631940241076796156e+03
9.584125384326402483e-06 8.631885413490559586e+03
9.667470070213674476e-06 8.631829919743389837e+03
9.751539531329488273e-06 8.631773289945709621e+03
9.836340070404787770e-06 8.631715777452964176e+03
9.921878044979821676e-06 8.631658337228789605e+03
1.000815986788075879e-05 8.631599784521908077e+03
1.009519200770044865e-05 8.631539709309949103e+03
1.018298098928343430e-05 8.631479273844524869e+03
1.027153339421503080e-05 8.631418995897085551e+03
1.036085586131479139e-05 8.631356688272097017e+03
1.045095508713428500e-05 8.631432077450059296e+03
1.054183782645902601e-05 8.632043622049033729e+03
1.063351089281496263e-05 8.632745524013796967e+03
1.072598115897926658e-05 8.632117907818948879e+03
1.081925555749557478e-05 2.030594057428593514e+05
1.091334108119379651e-05 8.626311048559731571e+05
1.100824478371426079e-05 1.140677969268048415e+06
1.110397378003658513e-05 4.116550904660457163e+05
1.120053524701314364e-05 2.985456783527185908e+05
1.129793642390701596e-05 1.136010307543085190e+06
1.139618461293477955e-05 1.138125798779060133e+06
1.149528717981395552e-05 1.511144383616068226e+05
1.159525155431518773e-05 5.236226192512002308e+05
1.169608523081934992e-05 1.158397582962690620e+06
1.179779576887927255e-05 8.458816707662357949e+05
1.190039079378657044e-05 1.705683191669556545e+05
1.200387799714329519e-05 7.600873434017316904e+05
1.210826513743855452e-05 1.105123296560170362e+06
1.221356004063026127e-05 4.909513117186570307e+05
1.231977060073171561e-05 2.483471650216874550e+05
1.242690478040348960e-05 9.666474677468102891e+05
1.253497061155045671e-05 1.041380335064299288e+06
1.264397619592381873e-05 2.007822920908934320e+05
1.275392970572858434e-05 3.914756621620736551e+05
1.286483938423621947e-05 1.014447055089317611e+06
1.297671354640263415e-05 8.232335965216889745e+05
1.308956057949163936e-05 1.224487123989018728e+05
1.320338894370361661e-05 5.757489465652117506e+05
1.331820717280985074e-05 9.282743039243654348e+05
1.343402387479237522e-05 4.898316492650352884e+05
1.355084773248918256e-05 1.793022541304743499e+05
1.366868750424527584e-05 7.133246126307859086e+05
1.378755202456925480e-05 8.303715327830086462e+05
1.390745020479562952e-05 2.117895040709597815e+05
1.402839103375300064e-05 2.424241627418281569e+05
1.415038357843780466e-05 7.538238404582865769e+05
1.427343698469415442e-05 6.726873428236420732e+05
1.439756047789957663e-05 7.024038214306064765e+04
1.452276336365649233e-05 3.466145995297323680e+05
1.464905502848997043e-05 6.249296296085352078e+05
1.477644494055140708e-05 3.821860446782685467e+05
1.490494265032833086e-05 9.802930326784015051e+04
1.503455779136052168e-05 3.926939057000059402e+05
1.516530008096207925e-05 9.038768381550764898e+05
1.529717932095000864e-05 1.374327268314792775e+06
1.543020539837916199e-05 1.092674811102182604e+06
1.556438828628329914e-05 6.406950364648171235e+05
1.569973804442288898e-05 9.944288250018738909e+05
1.583626482003926524e-05 1.538401724767803913e+06
1.597397884861534339e-05 8.795112907271538861e+05
1.611289045464308671e-05 5.026691607848181156e+05
1.625301005239737927e-05 1.069721903364307946e+06
1.639434814671689888e-05 1.360188354406772880e+06
1.653691533379163408e-05 6.594969444175928365e+05
1.668072230195726552e-05 5.552463521538898349e+05
1.682577983249660146e-05 1.183177466438249918e+06
1.697209880044765054e-05 1.059815445756044472e+06
1.711969017541905368e-05 4.246835585473318934e+05
1.726856502241254284e-05 6.422898984589896863e+05
1.741873450265232526e-05 1.318108593693407718e+06
1.757020987442196213e-05 7.723737257298502373e+05
1.772300249390837255e-05 2.661068589888704591e+05
1.787712381605319315e-05 7.459962463694030885e+05
1.803258539541167962e-05 1.225442720729521010e+06
1.818939888701876068e-05 5.228891326584686176e+05
1.834757604726293886e-05 2.884679375733998604e+05
1.850712873476774014e-05 8.734784365069404012e+05
1.866806891128059705e-05 9.204818599875920918e+05
1.883040864256973465e-05 3.142246433116467670e+05
1.899416009932872372e-05 3.836681291847996763e+05
1.915933555808889454e-05 9.708190349849089980e+05
1.932594740213983806e-05 6.402059446551143192e+05
1.949400812245759819e-05 1.594667370154776727e+05
1.966353031864121574e-05 4.588179502007003175e+05
1.983452669985743448e-05 9.376085248904637992e+05
2.000701008579331845e-05 4.019271631856672466e+05
2.018099340761746828e-05 1.393196664345197496e+05
2.035648970894946060e-05 5.233763499369987403e+05
2.053351214683768320e-05 6.429729781868671998e+05
2.071207399274589125e-05 2.265769159092889458e+05
2.089218863354793567e-05 1.925450344378222071e+05
2.107386957253150396e-05 5.388419815961343702e+05
2.125713043041058546e-05 4.098684491099528968e+05
2.144198494634638998e-05 9.870806291789837996e+04
2.162844697897752964e-05 2.203817862187980209e+05
2.181653050745898265e-05 5.229996833454550942e+05
2.200624963251006285e-05 2.722569138589906506e+05
2.219761857747172348e-05 9.169555263395558577e+05
2.239065168937265656e-05 2.145892733357063960e+06
2.258536344000500103e-05 1.152999922355015762e+06
2.278176842700947328e-05 1.800825906962675217e+05
2.297988137496931695e-05 1.330054531850776402e+06
2.317971713651476953e-05 2.432570613711672835e+06
2.338129069343613820e-05 3.455202482271937770e+05
2.358461715780713492e-05 4.184853621338697267e+05
2.378971177311798966e-05 1.611222643654994201e+06
2.399658991541798268e-05 1.862140032702511176e+06
2.420526709446834443e-05 1.262266567873916792e+05
2.441575895490518436e-05 7.442107235114119248e+05
2.462808127741191667e-05 1.820083638798207976e+06
2.484224997990294820e-05 1.071789872917821864e+06
2.505828111871656507e-05 8.629359536227464559e+04
2.527619088981887145e-05 1.057330803264679387e+06
2.549599563001818744e-05 1.981334015348177170e+06
2.571771181818933023e-05 3.587052989372354350e+05
2.594135607650966888e-05 3.493572817714813864e+05
2.616694517170481505e-05 1.787728063741154969e+06
2.639449601630579947e-05 2.355068025280266535e+06
2.662402566991716157e-05 2.918004873979051481e+05
2.685555134049563719e-05 6.882462152791591361e+05
2.708909038564038288e-05 2.083167902826480567e+06
2.732466031389448269e-05 1.678603201413594652e+06
2.756227878605702931e-05 1.270439876605299214e+05
2.780196361650786327e-05 1.051027889547659317e+06
2.804373277454257478e-05 2.171014386035043281e+06
2.828760438571986549e-05 9.095926919121516403e+05
2.853359673322058916e-05 1.914468343130590802e+05
2.878172825921814591e-05 1.330313492048976012e+06
2.903201756626125674e-05 1.999434293640248012e+06
2.928448341866880995e-05 3.150026037288284861e+05
2.953914474393605103e-05 4.302457529992693453e+05
2.979602063415433526e-05 1.476448245416382095e+06
3.005513034744188830e-05 1.396489157704560086e+06
3.031649330938780086e-05 1.407091440342869319e+05
3.058012911450854252e-05 6.426415629975217162e+05
3.084605752771664910e-05 1.489532980287347920e+06
3.111429848580267118e-05 8.365128346170153236e+05
3.138487209893006186e-05 9.350972591888516035e+04
3.165779865214223476e-05 8.226725152236319846e+05
3.193309860688414687e-05 1.389556383873158600e+06
3.221079260253564505e-05 3.310607481891812058e+05
3.249090145795908329e-05 2.281333071349503007e+05
3.277344617306026216e-05 8.932550137266167440e+05
3.305844793036246673e-05 9.849169335679251235e+05
3.334592809659470754e-05 1.456928405152916093e+05
3.363590822429383265e-05 3.163233546952616889e+05
3.392841005341967032e-05 9.771774426271736156e+05
3.422345551298573691e-05 1.728191590514520882e+06
3.452106672270259595e-05 2.155541583912111819e+06
3.482126599463641642e-05 1.251447152390666073e+06
3.512407583488197805e-05 8.775744243652920704e+05
3.542951894524928327e-05 1.845897359585919650e+06
3.573761822496641195e-05 2.450657924372263253e+06
3.604839677239554918e-05 5.896492562232523924e+05
3.636187788676498465e-05 1.033856807267256198e+06
3.667808506991604022e-05 1.916348652220179094e+06
3.699704202806462734e-05 1.895738228587860707e+06
3.731877267357871527e-05 7.145011267352587311e+05
3.764330112677129647e-05 1.942836333842001855e+06
3.797065171770800242e-05 2.436032073608820327e+06
3.830084898803205295e-05 1.255637352289552335e+06
3.863391769280342237e-05 7.813680609276338946e+05
3.896988280235501382e-05 2.271655749857637566e+06
3.930876950416490034e-05 2.390769503324295860e+06
3.965060320474421890e-05 5.909938889793017879e+05
3.999540953154213403e-05 1.025577474008216523e+06
4.034321433486742352e-05 2.248577028621309437e+06
4.069404368982569017e-05 1.946482086421978427e+06
4.104792389827524899e-05 3.807862367218467989e+05
4.140488149079818642e-05 1.392699534391488414e+06
4.176494322868965446e-05 2.079884308503312059e+06
4.212813610596441720e-05 1.159299216937063728e+06
4.249448735138015501e-05 4.628046947743837954e+05
4.286402443047903759e-05 1.679091788799922913e+06
4.323677504764713209e-05 1.905963994763175491e+06
4.361276714819059606e-05 5.232622469426370226e+05
4.399202892043178588e-05 6.047329457593548577e+05
4.437458879782175009e-05 1.722603968624053989e+06
4.476047546107216394e-05 1.598005216733852867e+06
4.514971784030580369e-05 2.009671254015384475e+05
4.554234511722498490e-05 8.923492883936936269e+05
4.593838672729951624e-05 1.503283018162924098e+06
4.633787236197388441e-05 9.341001386904331157e+05
4.674083197089230128e-05 3.164059906649633776e+05
4.714729576414518434e-05 1.144267406697279541e+06
4.755729421453315378e-05 1.340688958647573367e+06
4.797085805985188019e-05 5.366059137075135950e+05
4.838801830519688825e-05 6.786994492246240843e+05
4.880880622528706303e-05 1.604732888072811300e+06
4.923325336681055853e-05 1.311972772152408492e+06
4.966139155078889376e-05 3.225624204583397950e+05
5.009325287496294287e-05 9.726175326648178743e+05
5.052886971619959975e-05 1.442796606380837969e+06
5.096827473291854095e-05 8.173141134628630243e+05
5.141150086754093016e-05 4.797647401633620029e+05
5.185858134895945438e-05 1.124323601901102811e+06
5.230954969502855337e-05 1.152411409034843557e+06
5.276443971507852862e-05 5.154231619667665218e+05
5.322328551244922895e-05 6.396608564722763840e+05
5.368612148704718200e-05 1.152133644666788867e+06
5.415298233792483667e-05 8.466642818345440319e+05
5.462390306588143536e-05 4.333303694473157520e+05
5.509891897608727116e-05 8.184958139074372593e+05
5.557806568073097746e-05 1.018674219178093481e+06
5.606137910168829840e-05 6.685575515437702416e+05
5.654889547321653460e-05 1.592524692977820756e+06
5.704065134466996807e-05 3.338845359769020695e+06
5.753668358324037302e-05 2.425472105939313769e+06
5.803702937672130445e-05 9.586451384095740505e+05
5.854172623629543286e-05 2.312591040480183437e+06
5.905081199934710022e-05 3.807257006280701142e+06
5.956432483229945346e-05 1.672330341189776314e+06
6.008230323347459007e-05 1.126575764643724076e+06
6.060478603598132389e-05 2.803350808242323808e+06
6.113181241062533950e-05 3.275032514023600612e+06
6.166342186884626213e-05 1.407657251632225933e+06
6.219965426568021291e-05 1.624434854524445254e+06
6.274054980274704338e-05 3.132320633511984255e+06
6.328614903126466825e-05 2.542111028319784906e+06
6.383649285508962909e-05 1.188155283685704460e+06
6.439162253378240492e-05 2.089277370790263638e+06
6.495157968570234859e-05 3.452214004328248557e+06
6.551640629112644859e-05 1.858746936246490572e+06
6.608614469539718806e-05 1.160552783213955117e+06
6.666083761209760374e-05 2.472091779047883116e+06
6.724052812625224383e-05 3.179488211434641853e+06
6.782525969755897135e-05 1.476918537913099397e+06
6.841507616364583973e-05 1.506835113269999623e+06
6.901002174335808207e-05 2.695625621309436392e+06
6.961014104007358784e-05 2.406828669159935787e+06
7.021547904504612159e-05 1.243513597045298899e+06
7.082608114077872314e-05 1.782204698710162891e+06
7.144199310442651677e-05 2.894815025254346896e+06
7.206326111122727596e-05 2.126593438222478610e+06
7.268993173796501565e-05 1.353399246073471615e+06
7.332205196646044559e-05 2.013106975518857362e+06
7.395966918709369234e-05 2.837869937525284942e+06
7.460283120235769048e-05 1.785958266114918748e+06
7.525158623044103721e-05 1.385641562540502986e+06
7.590598290884339994e-05 2.180884221485533286e+06
7.656607029802246073e-05 2.354701757294541225e+06
7.723189788507045940e-05 1.592897758028198965e+06
7.790351558742617650e-05 1.530070607923690695e+06
7.858097375661579674e-05 2.209509887553645764e+06
7.926432318202833135e-05 1.916820021777405636e+06
7.995361509472371554e-05 1.447264426685289247e+06
8.064890117127280871e-05 1.654586774262308143e+06
8.135023353763206190e-05 2.178801165253373794e+06
8.205766477305193117e-05 1.641692868104893016e+06
8.277124791401724768e-05 1.466440564537371974e+06
8.349103645822539949e-05 1.828675083532142686e+06
8.421708436859548074e-05 1.910658231093100272e+06
8.494944607731447998e-05 1.514375311695830431e+06
8.568817648991859659e-05 1.459668878909938503e+06
8.643333098940856056e-05 1.822925195256787818e+06
8.718496544040224875e-05 1.673411643656647298e+06
8.794313619332345933e-05 1.394732038368860260e+06
8.870790008862481149e-05 1.368877959401556989e+06
8.947931446105135693e-05 1.615826489020554116e+06
9.025743714393719174e-05 1.485022539138734108e+06
9.104232647354192629e-05 1.666444405098927207e+06
9.183404129342480403e-05 1.956602228184968466e+06
9.263264095885450407e-05 1.604578802316782996e+06
9.343818534126121416e-05 1.332557602892675903e+06
9.425073483272356065e-05 1.691169109715802595e+06
9.507035035049675182e-05 1.948627441860785941e+06
9.589709334158018610e-05 1.324575562206283445e+06
9.673102578732308866e-05 1.413284556900245603e+06
9.757221020807184918e-05 1.696604034330547787e+06
9.842070966785781386e-05 1.735292778821042040e+06
9.927658777912341760e-05 1.288338516493516974e+06
1.001399087074936086e-04 1.483927849648123840e+06
1.010107371765844750e-04 1.754268080270647770e+06
1.018891384728563230e-04 1.592712082707001129e+06
1.027751784505087553e-04 1.343837590932458406e+06
1.036689235364167454e-04 1.755858279859197326e+06
1.045704407351111910e-04 2.967789800121342298e+06
1.054797976338030528e-04 3.259760692009503022e+06
1.063970624074483544e-04 2.079181468074111734e+06
1.073223038238618889e-04 1.971512204312228831e+06
1.082555912488707307e-04 3.308634885409650858e+06
1.091969946515154103e-04 3.244387209978305269e+06
1.101465846092960165e-04 1.591667821074070176e+06
1.111044323134623575e-04 2.308732846801137086e+06
1.120706095743517728e-04 3.197633581909005996e+06
1.130451888267735390e-04 2.836895508143909741e+06
1.140282431354371984e-04 1.877277452963271178e+06
1.150198462004330255e-04 2.739261022893360816e+06
1.160200723627552097e-04 3.027617790110344999e+06
1.170289966098759561e-04 2.227518630961586256e+06
1.180466945813680356e-04 1.997757874149255687e+06
1.190732425745742409e-04 2.903240205787293613e+06
1.201087175503280435e-04 2.984652785470687319e+06
1.211531971387243007e-04 1.725193799090788467e+06
1.222067596449367998e-04 2.005203594589965884e+06
1.232694840550918689e-04 2.729852136527814437e+06
1.243414500421877145e-04 2.635594562478766777e+06
1.254227379720682805e-04 1.682022694137156010e+06
1.265134289094492980e-04 2.234792728313669097e+06
1.276136046239932057e-04 2.511346635574825108e+06
1.287233475964427254e-04 2.082334889131256612e+06
1.298427410248019530e-04 1.872503450071537867e+06
1.309718688305746138e-04 2.379339932168132626e+06
1.321108156650564465e-04 2.446379353163211141e+06
1.332596669156801440e-04 1.732984234012526460e+06
1.344185087124175949e-04 1.824048498755379813e+06
1.355874279342380684e-04 2.279067867226822302e+06
1.367665122156188761e-04 2.354757335282031447e+06
1.379558499531188624e-04 1.511341755447194213e+06
1.391555303120027174e-04 1.885030565251789289e+06
1.403656432329268718e-04 2.174162353447586764e+06
1.415862794386830450e-04 1.898445464301141445e+06
1.428175304409983067e-04 1.525476048691686010e+06
1.440594885473965049e-04 1.917833019617998740e+06
1.453122468681196497e-04 2.082688251701175235e+06
1.465758993231055943e-04 1.536952476291550789e+06
1.478505406490328560e-04 1.490445784103272250e+06
1.491362664064203240e-04 1.804037506844871212e+06
1.504331729867923722e-04 1.933013367881349521e+06
1.517413576199062592e-04 1.310671258209244115e+06
1.530609183810398917e-04 1.472260003752111224e+06
1.543919541983453710e-04 1.623807003123632167e+06
1.557345648602668066e-04 1.522298538520097733e+06
1.570888510230184377e-04 1.263358681885218946e+06
1.584549142181347734e-04 1.425744088399552274e+06
1.598328568600794421e-04 1.511405117567253299e+06
1.612227822539243245e-04 1.541714102980152238e+06
1.626247946030952567e-04 1.884575624454624951e+06
1.640389990171824868e-04 1.593433581384091405e+06
1.654655015198216864e-04 1.332790103389746509e+06
1.669044090566437820e-04 1.446229872485715430e+06
1.683558295032894041e-04 1.828831497370048193e+06
1.698198716735006407e-04 1.248639573433300713e+06
1.712966453272754303e-04 1.306702419019683497e+06
1.727862611790977401e-04 1.469025125670752721e+06
1.742888309062388963e-04 1.522770811715744901e+06
1.758044671571268379e-04 1.089855296759680379e+06
1.773332835597956844e-04 1.307400607940774877e+06
1.788753947304011136e-04 1.509264610897248844e+06
1.804309162818143984e-04 1.312745497679186752e+06
1.819999648322910373e-04 1.076597315748185618e+06
1.835826580142115646e-04 1.289490108635172946e+06
1.851791144829016710e-04 1.453609834881861694e+06
1.867894539255290313e-04 1.066472710789288860e+06
1.884137970700727727e-04 1.114082803705518134e+06
1.900522656943791117e-04 1.291473743402749766e+06
1.917049826352874354e-04 1.332222261535752797e+06
1.933720717978407622e-04 9.486910306693031453e+05
1.950536581645761071e-04 1.236475842375922482e+06
1.967498678048922598e-04 1.501015094426622847e+06
1.984608278845024284e-04 1.284422521113870898e+06
2.001866666749693095e-04 9.614656879149557790e+05
2.019275135633176791e-04 1.256825623139378382e+06
2.036834990617397364e-04 1.518273946463116445e+06
2.054547548173756922e-04 1.108073779542249395e+06
2.072414136221847241e-04 1.095410784870609641e+06
2.090436094229017750e-04 1.333032392373067327e+06
2.108614773310772651e-04 1.415170620750387898e+06
2.126951536332075511e-04 9.614632758215167560e+05
2.145447758009540477e-04 1.179871743017302128e+06
2.164104825014452615e-04 1.345662537780638319e+06
2.182924136076781123e-04 1.267948612774085486e+06
2.201907102090000263e-04 1.064511733127495740e+06
2.221055146216881476e-04 1.258991564173458843e+06
2.240369703996198661e-04 1.509384135367721785e+06
2.259852223450329006e-04 2.036035660376649117e+06
2.279504165193822556e-04 2.502380856624410488e+06
2.299327002542922893e-04 1.745353180961809354e+06
2.319322221625976595e-04 1.578873477777209366e+06
2.339491321494906564e-04 2.386289462566000409e+06
2.359835814237551909e-04 2.714933404434766155e+06
2.380357225091045946e-04 1.303632749039778952e+06
2.401057092556181096e-04 1.699472362106013577e+06
2.421936968512704302e-04 2.524142367075984366e+06
2.442998418335722119e-04 2.305561855480956845e+06
2.464243021013011394e-04 1.313880879686526721e+06
2.485672369263411700e-04 1.899534854541087756e+06
2.507288069656247770e-04 2.437287442557380535e+06
2.529091742731746678e-04 1.684859619526519906e+06
2.551085023122546549e-04 1.328679490249810508e+06
2.573269559676259646e-04 2.032682374680740060e+06
2.595647015579041609e-04 2.379591479490783531e+06
2.618219068480342462e-04 1.170128408900641138e+06
2.640987410618631241e-04 1.291109455454010982e+06
2.663953748948283428e-04 2.044969414221202023e+06
2.687119805267565052e-04 2.016945552977419691e+06
2.710487316347688527e-04 9.833758475474078441e+05
2.734058034063034008e-04 1.403286289445960661e+06
2.757833725522506989e-04 1.892092599102195119e+06
2.781816173201967632e-04 1.408967975372977089e+06
2.806007175077929704e-04 9.982196823430791264e+05
2.830408544762304680e-04 1.500824185184112750e+06
2.855022111638386173e-04 1.739615930201021023e+06
2.879849720998015603e-04 9.355391839576442726e+05
2.904893234179896583e-04 9.370023982051550411e+05
2.930154528709151790e-04 1.486281622651716229e+06
2.955635498438107162e-04 1.477635284924973967e+06
2.981338053688213424e-04 7.537295941638585646e+05
3.007264121393339660e-04 1.009179383332030848e+06
3.033415645244178752e-04 1.330495717043002602e+06
3.059794585833985827e-04 1.059176059928119415e+06
3.086402920805585235e-04 7.992386689883345971e+05
3.113242644999597250e-04 1.025861930182253942e+06
3.140315770604014596e-04 1.119816589950832771e+06
3.167624327305074605e-04 7.775692177365615498e+05
3.195170362439367362e-04 8.005946636852067895e+05
3.222955941147403179e-04 1.023560970639254316e+06
3.250983146528374870e-04 1.005806638491644757e+06
3.279254079796352253e-04 7.212657218544908101e+05
3.307770860437834613e-04 1.037292085977013689e+06
3.336535626370583070e-04 1.322877640390134417e+06
3.365550534103987088e-04 9.582150636233282275e+05
3.394817758900668604e-04 7.270078871746534714e+05
3.424339494939606754e-04 1.117690889391750097e+06
3.454117955480605373e-04 1.267713344673618209e+06
3.484155373030251826e-04 7.964348931510498514e+05
3.514453999509259820e-04 7.908799847136900062e+05
3.545016106421325754e-04 1.072369726135167759e+06
3.575843985023396173e-04 1.052409938168975292e+06
3.606939946497472065e-04 6.857477118922441732e+05
3.638306322123852988e-04 8.621179333563864930e+05
3.669945463455940812e-04 1.124708664971648715e+06
3.701859742496508773e-04 8.658871706705478719e+05
3.734051551875561042e-04 6.195944403452280676e+05
3.766523305029680904e-04 9.031342222531847656e+05
3.799277436382994403e-04 1.055440422329813009e+06
3.832316401529653493e-04 6.926991686587099684e+05
3.865642677417961215e-04 7.553607599881411297e+05
3.899258762536041319e-04 1.105259576909602853e+06
3.933167177099178638e-04 9.850509821704222122e+05
3.967370463238733733e-04 5.752096642829084303e+05
4.001871185192757015e-04 8.142916223556979094e+05
4.036671929498199902e-04 1.146003831418809015e+06
4.071775305184860156e-04 8.408017827708043624e+05
4.107183943970950813e-04 6.031324010518185096e+05
4.142900500460433111e-04 8.586716594829213573e+05
4.178927652342002822e-04 1.057292282640515827e+06
4.215268100589866611e-04 7.400708187737851404e+05
4.251924569666207568e-04 7.221234820665025618e+05
4.288899807725468421e-04 9.335221138459140202e+05
4.326196586820353195e-04 8.913530658809200395e+05
4.363817703109676904e-04 6.196310562483428512e+05
4.401765977067972186e-04 7.738442269346568501e+05
4.440044253696949386e-04 9.293580830771955661e+05
4.478655402738802491e-04 7.847254453874642495e+05
4.517602318891326225e-04 6.015977535609687911e+05
4.556887922024965734e-04 7.540456281966654351e+05
4.596515157401687189e-04 9.027777917140368372e+05
4.636486995895819471e-04 7.100688458731609862e+05
4.676806434216748210e-04 6.159807980483353604e+05
4.717476495133615601e-04 7.582937786629253533e+05
4.758500227701902940e-04 8.044335844383671647e+05
4.799880707492055251e-04 6.221643770174412057e+05
4.841621036820025490e-04 6.429913726042560302e+05
4.883724344979888500e-04 6.964003503607385792e+05
4.926193788478411403e-04 6.394631835331605980e+05
4.969032551271736556e-04 5.401750777105554007e+05
5.012243845004046979e-04 6.139119301144054625e+05
5.055830909248378502e-04 6.421546503974488005e+05
5.099797011749459359e-04 5.174858123013874865e+05
5.144145448668731215e-04 4.655133264801685000e+05
5.188879544831425826e-04 5.623562583149815910e+05
5.234002653975865400e-04 6.180822292927865637e+05
5.279518159004858730e-04 5.292719117643167265e+05
5.325429472239355706e-04 5.075407841527920100e+05
5.371740035674231212e-04 5.595431363298995420e+05
5.418453321236377284e-04 5.928270111557519995e+05
5.465572831044947406e-04 5.467648415233372943e+05
5.513102097673960042e-04 5.434853944698189152e+05
5.561044684417094409e-04 5.657327058904167498e+05
5.609404185554870423e-04 5.584083232471763622e+05
5.658184226624077273e-04 5.188082508815773181e+05
5.707388464689618687e-04 5.156096122671501944e+05
5.757020588618648026e-04 5.690418372472706251e+05
5.807084319357162360e-04 5.506552997854492860e+05
5.857583410208924311e-04 5.123259773795391084e+05
5.908521647116889500e-04 5.124426274540534941e+05
5.959902848946999716e-04 5.395979054006460356e+05
6.011730867774526133e-04 5.286569584272238426e+05
6.064009589172827041e-04 5.258516699534617364e+05
6.116742932504665381e-04 5.265626870669701602e+05
6.169934851216058976e-04 5.418104472556801047e+05
6.223589333132640688e-04 4.864039653548412025e+05
6.277710400758664032e-04 4.699912640418788651e+05
6.332302111578537148e-04 5.273182481369104935e+05
6.387368558361048842e-04 5.304451462096798932e+05
6.442913869466168533e-04 8.368148930333083263e+05
6.498942209154595726e-04 1.403713153181230417e+06
6.555457777899907244e-04 9.208032009920027340e+05
6.612464812703516869e-04 4.708118742120721727e+05
6.669967587412280446e-04 9.803309770886467304e+05
6.727970413038955686e-04 1.551898260390770156e+06
6.786477638085350794e-04 5.456179975401823176e+05
6.845493648868382006e-04 6.097255709338828456e+05
6.905022869848874163e-04 1.137004635203678161e+06
6.965069763963308144e-04 1.267349374877364608e+06
7.025638832958362289e-04 4.331550045600474114e+05
7.086734617728461397e-04 7.390561278813648969e+05
7.148361698656160914e-04 1.248460471085910685e+06
7.210524695955585319e-04 9.345681960506269243e+05
7.273228270018763496e-04 4.196641421799262753e+05
7.336477121765069267e-04 8.588507888063389109e+05
7.400275992993599018e-04 1.366880259753210936e+06
7.464629666738722795e-04 5.710179310489054769e+05
7.529542967628612615e-04 4.785205833457725239e+05
7.595020762247006035e-04 9.977442783391576959e+05
7.661067959497998986e-04 1.239564736156468978e+06
7.727689510974123733e-04 3.638476776624104823e+05
7.794890411327518986e-04 6.168498055132273585e+05
7.862675698644437184e-04 1.111427950548943831e+06
7.931050454822893793e-04 9.054993899002441904e+05
8.000019805953718834e-04 3.206475352754890337e+05
8.069588922704802473e-04 7.287717106827545213e+05
8.139763020708806794e-04 1.228613778660419863e+06
8.210547360954117187e-04 5.700682433400956215e+05
8.281947250179327131e-04 3.322335534028783441e+05
8.353968041271034144e-04 8.476228537417178741e+05
8.426615133665166972e-04 1.219320446990056429e+06
8.499893973751810423e-04 2.824665513751654653e+05
8.573810055283471445e-04 4.691762208426173311e+05
8.648368919787006569e-04 9.648882222362305038e+05
8.723576156979013368e-04 1.004967618358630920e+06
8.799437405184955914e-04 4.460567095917385304e+05
8.875958351761811718e-04 6.408777195174775552e+05
8.953144733524516638e-04 1.030324718691910501e+06
9.031002337175995237e-04 7.084724789593128953e+05
9.109536999741055241e-04 4.043263471571264090e+05
9.188754609003931418e-04 6.299136441168891033e+05
9.268661103949754274e-04 1.061646995838837931e+06
9.349262475209739725e-04 4.155913115728670964e+05
9.430564765510374061e-04 4.235250130295325071e+05
9.512574070126368674e-04 6.033842956390753388e+05
9.595296537337702231e-04 7.498239609809690155e+05
9.678738368890486832e-04 3.979642086404725560e+05
9.762905820461981231e-04 4.607496937814289122e+05
9.847805202129523462e-04 6.367414644130389206e+05
9.933442878843660399e-04 5.523915211369071621e+05
1.001982527090526610e-03 3.694879754590828088e+05
1.010695885444694384e-03 3.819233523411771166e+05
1.019485016191847655e-03 5.759011068300781772e+05
1.028350578257663465e-03 4.016289447396884789e+05
1.037293236297911255e-03 3.971465661712683504e+05
1.046313660748288436e-03 3.557597047709154431e+05
1.055412527874677276e-03 4.541630816458523041e+05
1.064590519823851522e-03 3.841451736885301070e+05
1.073848324674610191e-03 3.958844428112723981e+05
1.083186636489370195e-03 3.352088879412179813e+05
1.092606155366193741e-03 4.102207848708032980e+05
1.102107587491282141e-03 4.356020718019302585e+05
1.111691645191911337e-03 3.509290844098288799e+05
1.121359046989843381e-03 3.431804757605382474e+05
1.131110517655186569e-03 4.457107409834552091e+05
1.140946788260739121e-03 4.615679804879512521e+05
1.150868596236792130e-03 2.827841884993743151e+05
1.160876685426417585e-03 3.717134138138874550e+05
1.170971806141237132e-03 4.848356005123324576e+05
1.181154715217667441e-03 4.725973977552345605e+05
1.191426176073667785e-03 3.402195267735794769e+05
1.201786958765965752e-03 4.651122209473568946e+05
1.212237840047797940e-03 5.667180315282198135e+05
1.222779603427134225e-03 4.520404558259505429e+05
1.233413039225425469e-03 3.964828371051473659e+05
1.244138944636851265e-03 5.429926879310873337e+05
1.254958123788083545e-03 6.021717437406834215e+05
1.265871387798576464e-03 4.318647899896037998e+05
1.276879554841371493e-03 4.789184751464842120e+05
1.287983450204446996e-03 5.337959643609772902e+05
1.299183906352575652e-03 5.789484938038034597e+05
1.310481762989745228e-03 4.629658941867359681e+05
1.321877867122105187e-03 4.765879611976029119e+05
1.333373073121478167e-03 5.392309622210820671e+05
1.344968242789397733e-03 5.520945274690090446e+05
1.356664245421727692e-03 4.586787451556653250e+05
1.368461957873828719e-03 4.749463290884814924e+05
1.380362264626307190e-03 5.648525440026688157e+05
1.392366057851309163e-03 5.176978815254748333e+05
1.404474237479417815e-03 4.397385320697038551e+05
1.416687711267116409e-03 4.281679530189395300e+05
1.429007394864853422e-03 5.260930840240534162e+05
1.441434211885673838e-03 4.488167522705996525e+05
1.453969093974473653e-03 4.169659091046185931e+05
1.466612980877839839e-03 4.663455880067127291e+05
1.479366820514514593e-03 4.980052914044715581e+05
1.492231569046446145e-03 3.825730113636099850e+05
1.505208190950481622e-03 3.793576272309522028e+05
1.518297659090670545e-03 4.552249046388549032e+05
1.531500954791211030e-03 4.349262565312249935e+05
1.544819067910004236e-03 3.701956356755300658e+05
1.558252996912875155e-03 3.713367648464808008e+05
1.571803748948425502e-03 4.134703767531221965e+05
1.585472339923537331e-03 3.562504306179865962e+05
1.599259794579547134e-03 3.398694763306815294e+05
1.613167146569054623e-03 3.552079823447327362e+05
1.627195438533428004e-03 3.766480415666092886e+05
1.641345722180964119e-03 3.009707276262092055e+05
1.655619058365748750e-03 2.977253164523040759e+05
1.670016517167170712e-03 3.328220487146246596e+05
1.684539177970159098e-03 3.119202850675926893e+05
1.699188129546098155e-03 2.667738817620969494e+05
1.713964470134466192e-03 2.765501254144196864e+05
1.728869307525152110e-03 2.905575760722628329e+05
1.743903759141520035e-03 2.427641309149381996e+05
1.759068952124176076e-03 2.423768339919917053e+05
1.774366023415483839e-03 2.412204080099929706e+05
1.789796119844782067e-03 2.425909879182497680e+05
1.805360398214376398e-03 1.946564340998163389e+05
1.821060025386258630e-03 2.019501856267270632e+05
1.836896178369599878e-03 2.097064792683247069e+05
1.852870044408971894e-03 1.880328608763569500e+05
1.868982821073369386e-03 1.550089006687236251e+05
1.885235716345984346e-03 1.656324099330850586e+05
1.901629948714783549e-03 1.712258738253782794e+05
1.918166747263839143e-03 1.360749856485237542e+05
1.934847351765486487e-03 1.316574114871629572e+05
1.951673012773264340e-03 1.289245369921936799e+05
1.968644991715682961e-03 1.255214419683747255e+05
1.985764560990773038e-03 9.870429306807773537e+04
2.003033004061493746e-03 1.076569196119017433e+05
2.020451615551943983e-03 1.001058826076172554e+05
2.038021701344438791e-03 8.647820858872057579e+04
2.055744578677388967e-03 7.058764231172502332e+04
2.073621576244069273e-03 8.064685814140026923e+04
2.091654034292225392e-03 7.904359813284722622e+04
2.109843304724565161e-03 5.778715885305168922e+04
2.128190751200092438e-03 5.567742477705555211e+04
2.146697749236353009e-03 5.614721073200589308e+04
2.165365686312556957e-03 5.465996415141602483e+04
2.184195961973592684e-03 4.352858401794215024e+04
2.203189987934968137e-03 4.650215972882381902e+04
2.222349188188624605e-03 3.769147125852954923e+04
2.241674999109708518e-03 3.624623396483126999e+04
2.261168869564250932e-03 2.988746272949655395e+04
2.280832261017804157e-03 3.080606145149255462e+04
2.300666647644986941e-03 2.869018822448335777e+04
2.320673516440016713e-03 2.415390436616481747e+04
2.340854367328185515e-03 2.127178431991530670e+04
2.361210713278324297e-03 1.929489506332036035e+04
2.381744080416207856e-03 1.888920373022627609e+04
2.402456008138985008e-03 1.644374180487197373e+04
2.423348049230578463e-03 1.627423357145391310e+04
2.444421769978117730e-03 1.187622928477437563e+04
2.465678750289336529e-03 1.259999132115487373e+04
2.487120583811036623e-03 1.068833681306430663e+04
2.508748878048556921e-03 1.021336738785270609e+04
2.530565254486305538e-03 9.415560261440896284e+03
2.552571348709296688e-03 9.444014082492216403e+03
2.574768810525789996e-03 7.358893068141069307e+03
2.597159304090968044e-03 5.961581172074313145e+03
2.619744508031715893e-03 6.762639576256647160e+03
2.642526115572444052e-03 6.534851433819460908e+03
2.665505834662045947e-03 4.839740422665699043e+03
2.688685388101935692e-03 3.805738087760895269e+03
2.712066513675226442e-03 4.779569630499618142e+03
2.735650964276984277e-03 4.104564160761874518e+03
2.759440508045661686e-03 2.970952822845125866e+03
2.783436928495647365e-03 2.790289509590368652e+03
2.807642024650997339e-03 3.328938995644758961e+03
2.832057611180277198e-03 2.456951794442103164e+03
2.856685518532630329e-03 1.709632518652698991e+03
2.881527593074996712e-03 2.266516584010808856e+03
2.906585697230556001e-03 2.311030134690350224e+03
2.931861709618325488e-03 1.503011253935537070e+03
2.957357525194018785e-03 1.177811323344135417e+03
2.983075055392110132e-03 1.686282579375809746e+03
3.009016228269126465e-03 1.522553512881376719e+03
3.035182988648218831e-03 8.990038241546884592e+02
3.061577298264933807e-03 8.577857511825271786e+02
3.088201135914307206e-03 1.201366114332013922e+03
3.115056497599205058e-03 9.349328242814939358e+02
3.142145396679985568e-03 5.398523154746997079e+02
3.169469864025410526e-03 7.122086999714880449e+02
3.197031948164921495e-03 8.221259491855440729e+02
3.224833715442207947e-03 5.326615992074309816e+02
3.252877250170146256e-03 3.846515381399500484e+02
3.281164654787024990e-03 5.753884101363228183e+02
3.309698050014190946e-03 5.933520183909541856e+02
3.338479575015027880e-03 3.352159525693425621e+02
3.367511387555355545e-03 3.102197110337760364e+02
3.396795664165160565e-03 4.367139918160865477e+02
3.426334600301798785e-03 3.912754198444454232e+02
3.456130410514575424e-03 5.845519331241888722e+04
3.486185328610796712e-03 3.377317573565344792e+05
3.516501607823202362e-03 5.357916722591312137e+05
3.547081520978915929e-03 2.061467876919964037e+05
3.577927360669828048e-03 8.679799679762084270e+04
3.609041439424498423e-03 4.586577743925537216e+05
3.640426089881487661e-03 5.687574245326903183e+05
3.672083664964265106e-03 5.704671635499417607e+04
3.704016538057592050e-03 1.852340056015770533e+05
3.736227103185484413e-03 4.970862596875443123e+05
3.768717775190654276e-03 4.266554480340037844e+05
3.801490989915576411e-03 4.865867471393616142e+04
3.834549204385093949e-03 2.932662946508871391e+05
3.867894896990647317e-03 5.090604057154678740e+05
3.901530567676041866e-03 2.465736414444845286e+05
3.935458738124896459e-03 7.274097215564211365e+04
3.969681951949679752e-03 3.921982569456715719e+05
4.004202774882437837e-03 5.175489028998074355e+05
4.039023794967104390e-03 9.085085311258741422e+04
4.074147622753553771e-03 1.375413136641950405e+05
4.109576891493312532e-03 4.931404297411812586e+05
4.145314257336964008e-03 5.821051835569532122e+05
4.181362399533314518e-03 1.648622323026122467e+05
4.217724020630211033e-03 2.714904052559640841e+05
4.254401846677183761e-03 5.306706525586951757e+05
4.291398627429803513e-03 4.536247849605405354e+05
4.328717136555862259e-03 1.708748660198835423e+05
4.366360171843273671e-03 4.039093723735662643e+05
4.404330555409851494e-03 6.248176876943956595e+05
4.442631133914871217e-03 3.079635933400529902e+05
4.481264778772518255e-03 2.152885508658490144e+05
4.520234386367110758e-03 5.389612071490286617e+05
4.559542878270273110e-03 6.561488900020411238e+05
4.599193201459956040e-03 2.070871857572780864e+05
4.639188328541400501e-03 3.129316082096502068e+05
4.679531257969950751e-03 5.614855192748020636e+05
4.720225014275881460e-03 5.088885706707176869e+05
4.761272648291127799e-03 1.965738485539186513e+05
4.802677237378049496e-03 3.720703617949761683e+05
4.844441885660083144e-03 5.555898074226059252e+05
4.886569724254501319e-03 3.276420108892240678e+05
4.929063911507130212e-03 1.800946807811639737e+05
4.971927633229173207e-03 4.152373389970071148e+05
5.015164102935995571e-03 5.226515759617199656e+05
5.058776562088081880e-03 1.601482323321364820e+05
5.102768280334030009e-03 2.046387651044060185e+05
5.147142555755715269e-03 3.689994639487105305e+05
5.191902715115494574e-03 3.537641068787995027e+05
5.237052114105653598e-03 1.245265068134285975e+05
5.282594137599964240e-03 2.008304929368768062e+05
5.328532199907487672e-03 2.931262780857807957e+05
5.374869745028492893e-03 2.029082756810687133e+05
5.421610246912690265e-03 9.894332672573850141e+04
5.468757209719657744e-03 1.730622859492918360e+05
5.516314168081588171e-03 2.151672555494120752e+05
5.564284687368224042e-03 9.262702480883355020e+04
5.612672363954192278e-03 8.221701562930265209e+04
5.661480825488620153e-03 1.247589593135759496e+05
5.710713731167089621e-03 1.273572209513155540e+05
5.760374772006008129e-03 5.401964849708936526e+04
5.810467671119269248e-03 6.241872426015158999e+04
5.860996183997413053e-03 7.650433699178340612e+04
5.911964098789159600e-03 6.751631739678313897e+04
5.963375236585448207e-03 3.852990456795233331e+04
6.015233451705844642e-03 4.092533838048254256e+04
6.067542631987543449e-03 4.528213489103435131e+04
6.120306699076819706e-03 3.165274750520578891e+04
6.173529608723079404e-03 2.451659550761329956e+04
6.227215351075360977e-03 2.495757806106003773e+04
6.281367950981518733e-03 2.492091643231490525e+04
6.335991468289950239e-03 1.562004478313542131e+04
6.391089998154006468e-03 1.439990913431026456e+04
6.446667671338942446e-03 1.242971506488379237e+04
6.502728654531646051e-03 1.207955361068021557e+04
6.559277150652994930e-03 8.549977164800664468e+03
6.616317399172997639e-03 5.959477168729545156e+03
6.673853676428560290e-03 3.974286994217995925e+03
6.731890295944130236e-03 4.659818486285930703e+03
6.790431608755061535e-03 4.021088184881670259e+03
6.849482003733860930e-03 2.899334660213601637e+03
6.909045907919152130e-03 2.330568773939468883e+03
6.969127786847622956e-03 2.126270352751879727e+03
7.029732144888781002e-03 1.855359896900009744e+03
7.090863525582702560e-03 1.363178797178579998e+03
7.152526511980585727e-03 1.248677672155334449e+03
7.214725726988396523e-03 9.970790690142988524e+02
7.277465833713421539e-03 8.750316913784361077e+02
7.340751535813922271e-03 7.006626753270594463e+02
7.404587577851684706e-03 5.788682474108114775e+02
7.468978745647779013e-03 4.477130743836715965e+02
7.533929866641328119e-03 4.824814726945749044e+02
7.599445810251472498e-03 4.534118896174280167e+02
7.665531488242360338e-03 2.257657569217213052e+02
7.732191855091430192e-03 2.402572954193992700e+02
7.799431908360843907e-03 3.012984745988358668e+02
7.867256689072139181e-03 2.527361972550217217e+02
7.935671282084215405e-03 1.000997459978968465e+02
8.004680816474459351e-03 1.684624262247240551e+02
8.074290465923339433e-03 2.167834374453766202e+02
8.144505449102243042e-03 1.306241168048871941e+02
8.215331030064781589e-03 6.622172993980639433e+01
8.286772518641360302e-03 1.420800221326006465e+02
8.358835270837305931e-03 1.689964727306453938e+02
8.431524689234387582e-03 5.304692969354047705e+01
8.504846223395905874e-03 5.600551245667522693e+01
8.578805370275163072e-03 1.189246567088804483e+02
8.653407674627635118e-03 1.150273432447022373e+02
8.728658729426626989e-03 2.334628101828904434e+01
8.804564176282645566e-03 5.705711887336921251e+01
8.881129705866264504e-03 9.442291797306165790e+01
8.958361058334815899e-03 6.103573083668368326e+01
9.036264023762698855e-03 2.005055142724439676e+01
9.114844442575535666e-03 5.598585830918143813e+01
9.194108205987929286e-03 7.422700593778610312e+01
9.274061256445195051e-03 2.498126735461129755e+01
9.354709588068839399e-03 1.788868830705058954e+01
9.436059247106005909e-03 4.914739602784473504e+01
9.518116332382668340e-03 5.313402958361410100e+01
9.600886995760928022e-03 7.334832266908708931e+00
9.684377442600186625e-03 1.965483760633668453e+01
9.768593932222435425e-03 3.658379569266202935e+01
9.853542778381419939e-03 2.656473914377884782e+01
9.939230349736047701e-03 6.020174282103481822e+00
1.002566307032781885e-02 1.850571004073723813e+01
1.011284742006251201e-02 2.650522930528500609e+01
1.020078993519587737e-02 1.044024368054513552e+01
1.028949720882373249e-02 4.627569644212853994e+00
1.037897589137621972e-02 1.583057038237585878e+01
1.046923269111645939e-02 1.874663171920731486e+01
1.056027437464336638e-02 2.091807180058212978e+00
1.065210776739901680e-02 5.104179010318779852e+00
1.074473975418033592e-02 1.095488502663440400e+01
1.083817727965523565e-02 8.989852368818684880e+00
1.093242734888334212e-02 1.393803356815390915e+00
1.102749702784104613e-02 4.648589434828581446e+00
1.112339344395132240e-02 7.259429210258190324e+00
1.122012378661803832e-02 3.447347183931773973e+00
1.131769530776502615e-02 1.048567800687543405e+00
1.141611532237964306e-02 3.752950983310432864e+00
1.151539120906125944e-02 4.702457105571507867e+00
1.161553041057439978e-02 8.312069835364621628e-01
1.171654043440680665e-02 1.027617470419618151e+00
1.181842885333215902e-02 2.545597352891720622e+00
1.192120330597789407e-02 2.357442206751079183e+00
1.202487149739783247e-02 2.895672788841976986e-01
1.212944119964991414e-02 9.545679915046426656e-01
1.223492025237875314e-02 1.618986203264987767e+00
1.234131656340345558e-02 9.266478199869827570e-01
1.244863810931043716e-02 2.305456670009233822e-01
1.255689293605151413e-02 7.957342433942619087e-01
1.266608915954698517e-02 1.053123598292472263e+00
1.277623496629417404e-02 2.806701891155465867e-01
1.288733861398112628e-02 2.165171947709791378e-01
1.299940843210578394e-02 6.098618234142960670e-01
1.311245282260032480e-02 6.308658737060193200e-01
1.322648026046113930e-02 7.925070531004634045e-02
1.334149929438416086e-02 2.377683053940758129e-01
1.345751854740586881e-02 4.366241924655059892e-01
1.357454671754960984e-02 2.954644639651129445e-01
1.369259257847779861e-02 7.228493257431327368e-02
1.381166498014962073e-02 2.351886333449247357e-01
1.393177284948463220e-02 3.297336638270761955e-01
1.405292519103185783e-02 1.188753865475277588e-01
1.417513108764497341e-02 6.791409669747991429e-02
1.429839970116321586e-02 2.238726251504681297e-01
1.442274027309823833e-02 2.563746941019984238e-01
1.454816212532704378e-02 3.295770286195915527e-02
1.467467466079070207e-02 9.208124785810804791e-02
1.480228736419939364e-02 1.866904699915193089e-01
1.493100980274343452e-02 1.456839854782052968e-01
1.506085162681063301e-02 3.373783779682271861e-02
1.519182257070963472e-02 1.065647623935028904e-01
1.532393245339980226e-02 1.601211571530196665e-01
1.545719117922730694e-02 7.269968158694380123e-02
1.559160873866776223e-02 3.364597183110364098e-02
1.572719520907505872e-02 1.142952046301682900e-01
1.586396075543696632e-02 1.394677114592744738e-01
1.600191563113716881e-02 2.647704541950674992e-02
1.614107017872406374e-02 4.609508940561872492e-02
1.628143483068599309e-02 1.044527614184777020e-01
1.642302011023346470e-02 9.250142541347695924e-02
1.656583663208805249e-02 1.935463621803336018e-02
1.670989510327828068e-02 5.702281973957754047e-02
1.685520632394217622e-02 9.198858172583342097e-02
1.700178118813706202e-02 5.086010847446795213e-02
1.714963068465624740e-02 1.975954253076468020e-02
1.729876589785297666e-02 6.292385549920966048e-02
1.744919800847124017e-02 8.092728172645820284e-02
1.760093829448413499e-02 2.249152109132075000e-02
1.775399813193931364e-02 2.432291805013906891e-02
1.790838899581196839e-02 6.091039649687775975e-02
1.806412246086494533e-02 6.044087365068061268e-02
1.822121020251661963e-02 1.213721292395889169e-02
1.837966399771615023e-02 3.145853706721745552e-02
1.853949572582654429e-02 5.423613207951581000e-02
1.870071736951504221e-02 3.557990124777787866e-02
1.886334101565161070e-02 1.241719496575681425e-02
1.902737885621503047e-02 3.582106264976148147e-02
1.919284318920707472e-02 4.844246952809223850e-02
1.935974641957428563e-02 1.789235804060246293e-02
1.952810106013811928e-02 1.355303086968552735e-02
1.969791973253300771e-02 3.710044681692233753e-02
1.986921516815256389e-02 4.071207039683458206e-02
2.004200020910422084e-02 8.180080175281007754e-03
2.021628780917177418e-02 1.828776214846408385e-02
2.039209103478669891e-02 3.367078100919609907e-02
2.056942306600765755e-02 2.554089753664652920e-02
2.074829719750877211e-02 8.331991177309204175e-03
2.092872683957610822e-02 2.159408283520947852e-02
2.111072551911320067e-02 3.067654229712261579e-02
2.129430688065509988e-02 1.416918521892908227e-02
2.147948468739144939e-02 8.297406191962956173e-03
2.166627282219810852e-02 2.363082704434178033e-02
2.185468528867809748e-02 2.801973729560663581e-02
2.204473621221138269e-02 6.394699946169962040e-03
2.223643984101402599e-02 1.119285858153001335e-02
2.242981054720613598e-02 2.205665665796279970e-02
2.262486282788951295e-02 1.896127857571097697e-02
2.282161130623442530e-02 5.897470297540799433e-03
2.302007073257607978e-02 1.364428647271802818e-02
2.322025598552021966e-02 2.040836747265310433e-02
2.342218207305873587e-02 1.142900042606022001e-02
2.362586413369475655e-02 5.858285013728039940e-03
2.383131743757773216e-02 1.524943566653244077e-02
2.403855738764801991e-02 1.890850030378009999e-02
2.424759952079180714e-02 6.051475303389493819e-03
2.445845950900582544e-02 7.114554529250902148e-03
2.467115316057248361e-02 1.505409711861514614e-02
2.488569642124473583e-02 1.443254856542620576e-02
2.510210537544174669e-02 4.325595076077143504e-03
2.532039624745462472e-02 8.930223720529746265e-03
2.554058540266298388e-02 1.409430048468807845e-02
2.576268934876155964e-02 9.242043929093418653e-03
2.598672473699800353e-02 4.276550212392469554e-03
2.621270836342113816e-02 1.020218744414997693e-02
2.644065717014034561e-02 1.320671237434436693e-02
2.667058824659544747e-02 5.339335178282088486e-03
2.690251883083810691e-02 4.697323669022682516e-03
2.713646631082411442e-02 1.060741553994456673e-02
2.737244822571692840e-02 1.119569575978221140e-02
2.761048226720278984e-02 3.267733263489017593e-03
2.785058628081679005e-02 6.007375574763600991e-03
2.809277826728094271e-02 1.001770734882186618e-02
2.833707638385361827e-02 7.502949990289989844e-03
2.858349894569100005e-02 3.212038008673295114e-03
2.883206442721988200e-02 7.025691056198136997e-03
2.908279146352290429e-02 9.465479463594246926e-03
2.933569885173553313e-02 4.585840336106967660e-03
2.959080555245549929e-02 3.187153011784252688e-03
2.984813069116398071e-02 7.669885168648444586e-03
3.010769355965963942e-02 8.813774057879487575e-03
3.036951361750484663e-02 2.526789844869945043e-03
3.063361049348479331e-02 4.125593716225995494e-03
3.090000398707873006e-02 7.281497872159746823e-03
3.116871406994458152e-02 6.124970121922179364e-03
3.143976088741610303e-02 2.472308391591418464e-03
3.171316476001342921e-02 4.937148187100932548e-03
3.198894618496615772e-02 6.924337882319433687e-03
3.226712583775027954e-02 3.953688763738354151e-03
3.254772457363810240e-02 2.397668620028627334e-03
3.283076342926202068e-02 5.484256648534387504e-03
3.311626362419128888e-02 6.598932977224762110e-03
3.340424656252310304e-02 2.338804389004908897e-03
3.369473383448716441e-02 2.879425391437477177e-03
3.398774721806452348e-02 5.388884973298268405e-03
3.428330868061996162e-02 5.024273415055856111e-03
3.458144038054909719e-02 1.938627104060575319e-03
3.488216466893953593e-02 3.509372362488849019e-03
3.518550409124674566e-02 5.149345821764146798e-03
3.549148138898396837e-02 3.392838790442362622e-03
3.580011950142737709e-02 1.871368593801059528e-03
3.611144156733573501e-02 3.951273518582321988e-03
3.642547092668538961e-02 4.933235162598002994e-03
3.674223112241967876e-02 2.155625787233309346e-03
3.706174590221421317e-02 2.048835932620034737e-03
3.738403922025719528e-02 4.054823644579892000e-03
3.770913523904522585e-02 4.141102862621810592e-03
3.803705833119500751e-02 1.539877445397981777e-03
3.836783308127020287e-02 2.529109719831620397e-03
3.870148428762482107e-02 3.890582070541972505e-03
3.903803696426219605e-02 2.895893132642872025e-03
3.937751634271061119e-02 1.481649341116478193e-03
3.971994787391448789e-02 2.900825794830046503e-03
4.006535723014272715e-02 3.738361082145440564e-03
4.041377030691324646e-02 1.911025815800533253e-03
4.076521322493465577e-02 1.491281085957381954e-03
4.111971233206411502e-02 3.094176608967772607e-03
4.147729420528294825e-02 3.420752910121388404e-03
4.183798565268894570e-02 1.230963978245706511e-03
4.220181371550652677e-02 1.834905712567127655e-03
4.256880567011355615e-02 2.969774164953973769e-03
4.293898903008657592e-02 2.456207413552712656e-03
4.331239154826336396e-02 1.181470354569624966e-03
4.368904121882388747e-02 2.154888590803396859e-03
4.406896627938856892e-02 2.856792805235184880e-03
4.445219521313559241e-02 1.669351808957665519e-03
4.483875675093614011e-02 1.122000906202514671e-03
4.522867987350868285e-02 2.361845313874573037e-03
4.562199381359120787e-02 2.774459209958577820e-03
4.601872805813310430e-02 1.055066395814897471e-03
4.641891235050570053e-02 1.346139654553448438e-03
4.682257669273241774e-02 2.294933997435669518e-03
4.722975134773758216e-02 2.092435989063184780e-03
4.764046684161554052e-02 9.595599066970962208e-04
4.805475396591911419e-02 1.603747810929764296e-03
4.847264377996832879e-02 2.212466061980160759e-03
4.889416761317846860e-02 1.471970227299713519e-03
4.931935706740921826e-02 9.091243928695040511e-04
4.974824401933366363e-02 1.774535178687829985e-03
5.018086062282846316e-02 2.153348962433102639e-03
5.061723931138392696e-02 9.977858507126450248e-04
5.105741280053590486e-02 9.944639910947346111e-04
5.150141409031842865e-02 1.791745227542589558e-03
5.194927646773760122e-02 1.781173554696272249e-03
5.240103350926756526e-02 7.828548595694760723e-04
5.285671908336715685e-02 1.198744298124836301e-03
5.331636735301941571e-02 1.726492019582785524e-03
5.378001277829262683e-02 1.284990522226409646e-03
5.424769011892418419e-02 7.406118712544284806e-04
5.471943443692597886e-02 1.347672945997701460e-03
5.519528109921338632e-02 1.680397438130632392e-03
5.567526578025654843e-02 8.977228130522327395e-04
5.615942446475532396e-02 7.507569614281730695e-04
5.664779345033647134e-02 1.408202738835705398e-03
5.714040935027527718e-02 1.512238257686504030e-03
5.763730909624031201e-02 6.441462715435514880e-04
5.813852994106259026e-02 9.028979382400276069e-04
5.864410946152784354e-02 1.361462173616907441e-03
5.915408556119407246e-02 1.117130595902046490e-03
5.966849647323297506e-02 6.088770653244636845e-04
6.018738076329675085e-02 1.036497271015984116e-03
6.071077733240874685e-02 1.321347297095729371e-03
6.123872541988030493e-02 7.949344424621557431e-04
6.177126460625234627e-02 5.734223247138070306e-04
6.230843481626317792e-02 1.119411999498642332e-03
6.285027632184099489e-02 1.287120231648423638e-03
6.339682974512358959e-02 5.334788963125349252e-04
6.394813606150349938e-02 6.828464256606385464e-04
6.450423660270047932e-02 1.080421280821962718e-03
6.506517305985945465e-02 9.691986287231720487e-04
6.563098748667657578e-02 5.044225637011750694e-04
6.620172230255179369e-02 7.984319820602547857e-04
6.677742029576952398e-02 1.045746640099712342e-03
6.735812462670576206e-02 7.052744599056981435e-04
6.794387883106442483e-02 4.697363180693089045e-04
6.853472682314083742e-02 8.691239624406047175e-04
6.913071289911466855e-02 1.030652575765428998e-03
6.973188174036996922e-02 4.911687972434326723e-04
7.033827841684554827e-02 5.168599025345631910e-04
7.094994839041368628e-02 8.618629310874804678e-04
7.156693751828838157e-02 8.369580424308559804e-04
7.218929205646371083e-02 4.165365907559511133e-04
7.281705866318101406e-02 6.118219979798370303e-04
7.345028440242729051e-02 8.360332763149830705e-04
7.408901674746341814e-02 6.214101255526420422e-04
7.473330358438375065e-02 3.884567206113620540e-04
7.538319321570534359e-02 6.751160039890267929e-04
7.603873436398983499e-02 8.211319217990822785e-04
7.669997617549581537e-02 4.481843996408615451e-04
7.736696822386397721e-02 3.935312117372144827e-04
7.803976051383286483e-02 6.928059823228108812e-04
7.871840348498820861e-02 7.223723998471850809e-04
7.940294801554424742e-02 3.424931149536333385e-04
8.009344542615855211e-02 4.692029722885398798e-04
8.078994748377880952e-02 6.727498505242453719e-04
8.149250640552432867e-02 5.435222402103302014e-04
8.220117486260046513e-02 3.194925416692839673e-04
8.291600598424810065e-02 5.294004299491911246e-04
8.363705336172577720e-02 6.578603900113684901e-04
8.436437105232810763e-02 4.003538126551237975e-04
8.509801358343817290e-02 3.064394815783457620e-04
8.583803595661609886e-02 5.605895667198969312e-04
8.658449365172155021e-02 6.252202582854930442e-04
8.733744263107381944e-02 2.868693664205257377e-04
8.809693934364692947e-02 3.612214410813576935e-04
8.886304072930235887e-02 5.432856305644025727e-04
8.963580422305685025e-02 4.768855775019130157e-04
9.041528775938896534e-02 2.683175657127709660e-04
9.120154977658222195e-02 4.182274056355064318e-04
9.199464922110681120e-02 5.290169458659854619e-04
9.279464555203788267e-02 3.553872277219675079e-04
9.360159874551390868e-02 2.454458657113445220e-04
9.441556929923279606e-02 4.482827806890287651e-04
9.523661823698802154e-02 5.248422225146615093e-04
9.606480711324272281e-02 2.511620422758199756e-04
9.690019801774506225e-02 2.774689549435650944e-04
9.774285358018297565e-02 4.378314213630374145e-04
9.859283697487940257e-02 4.173484993393655404e-04
9.945021192552916389e-02 2.257122545337013363e-04
1.003150427099753494e-01 3.243383887647474152e-04
1.011873941650289072e-01 4.261379960822944354e-04
1.020673316913291856e-01 3.160574568465872119e-04
1.029549212582477613e-01 2.068845826393379600e-04
1.038502294088330946e-01 3.534331165399307571e-04
1.047533232648000523e-01 4.243833669323164733e-04
1.056642705315616604e-01 2.360947303683633429e-04
1.065831395033057516e-01 2.145260623297834098e-04
1.075099990681139678e-01 3.572786419431579633e-04
1.084449187131269893e-01 3.656452992343562063e-04
1.093879685297536875e-01 1.897370561867323937e-04
1.103392192189266985e-01 2.533930183023688754e-04
1.112987420964016982e-01 3.479930721034619275e-04
1.122666090981048470e-01 2.805792500500592021e-04
1.132428927855253648e-01 1.748721650063157285e-04
1.142276663511563456e-01 2.811846784434783955e-04
1.152210036239808832e-01 3.443590326694750633e-04
1.162229790750077957e-01 2.124822616615613718e-04
1.172336678228543677e-01 1.695452937259107310e-04
1.182531456393789149e-01 2.916921824291660373e-04
1.192814889553601293e-01 3.188177399607814984e-04
1.203187748662279677e-01 1.601501456221964741e-04
1.213650811378431671e-01 1.975400398509976198e-04
1.224204862123282056e-01 2.837991123721006633e-04
1.234850692139468492e-01 2.473633649213937856e-04
1.245589099550370588e-01 1.482274636372312435e-04
1.256420889419940512e-01 2.241121282238596696e-04
1.267346873813068875e-01 2.785314611945427813e-04
1.278367871856450622e-01 1.887840215761200956e-04
1.289484709800006734e-01 1.350505311047188006e-04
1.300698221078821770e-01 2.402424994016848767e-04
1.312009246375637483e-01 2.784127685776576974e-04
1.323418633683865198e-01 1.356491359375444530e-04
1.334927238371169111e-01 1.545531143701666939e-04
1.346535923243591670e-01 2.325239269752024586e-04
1.358245558610236270e-01 2.163743033085799652e-04
1.370057022348524223e-01 1.235328454927099519e-04
1.381971199969994901e-01 1.779595083144965549e-04
1.393988984686703736e-01 2.268220755237525938e-04
1.406111277478180599e-01 1.660327682295523861e-04
1.418338987158987430e-01 1.125026007889870966e-04
1.430673030446837080e-01 1.920105584645384752e-04
1.443114332031331104e-01 2.274160885594105703e-04
1.455663824643277371e-01 1.234503703337935712e-04
1.468322449124629669e-01 1.199769818846082247e-04
1.481091154499006302e-01 1.910663693684536461e-04
1.493970898042849271e-01 1.909793790748675810e-04
1.506962645357187991e-01 1.047047006290459967e-04
1.520067370440039145e-01 1.401931409247766946e-04
1.533286055759413846e-01 1.864844725451633711e-04
1.546619692326983708e-01 1.481120661186833849e-04
1.560069279772371975e-01 9.582803972211415249e-05
1.573635826418106898e-01 1.535721061583456633e-04
1.587320349355201277e-01 1.859031355283881392e-04
1.601123874519413126e-01 1.136195379213920519e-04
1.615047436768156652e-01 9.483735212080900557e-05
1.629092079958096850e-01 1.575651194849877134e-04
1.643258857023390807e-01 1.664199947212880121e-04
1.657548830054638711e-01 8.450480250327150678e-05
1.671963070378501837e-01 1.076154619379164721e-04
1.686502658638034668e-01 1.536294847619280434e-04
1.701168684873682058e-01 1.287616059516784512e-04
1.715962248605012175e-01 7.742482242084233431e-05
1.730884458913141688e-01 1.221471967535695945e-04
1.745936434523897296e-01 1.516404032735642056e-04
1.761119303891668653e-01 9.828969772978480386e-05
1.776434205284020129e-01 7.198836905929919638e-05
1.791882286867022833e-01 1.303783276880595256e-04
1.807464706791344911e-01 1.465861049030824591e-04
1.823182633279059883e-01 7.168176557051772664e-05
1.839037244711241581e-01 8.432902328442505927e-05
1.855029729716304587e-01 1.270888299109882390e-04
1.871161287259113515e-01 1.143581660785619866e-04
1.887433126730882760e-01 6.626892637667355554e-05
1.903846468039825102e-01 9.843182632721076504e-05
1.920402541702623533e-01 1.242788370513340265e-04
1.937102588936675251e-01 8.783001172741857409e-05
1.953947861753160542e-01 5.940570039248922930e-05
1.970939623050887157e-01 1.068994957567229263e-04
1.988079146710983180e-01 1.257018449141147009e-04
2.005367717692393414e-01 6.378830296841308633e-05
2.022806632128228421e-01 6.610160959872067371e-05
2.040397197422914588e-01 1.054226023014370452e-04
2.058140732350224877e-01 1.018819444159565671e-04
2.076038567152141412e-01 5.662765576107866975e-05
2.094092043638598466e-01 7.792659361134379465e-05
2.112302515288057014e-01 1.022989246413157321e-04
2.130671347348989664e-01 7.689625825049218894e-05
2.149199916942227673e-01 4.951431797549649268e-05
2.167889613164219187e-01 8.552324087378133032e-05
2.186741837191147342e-01 1.023438167992822827e-04
2.205758002383992056e-01 5.839046353678783308e-05
2.224939534394484719e-01 5.090325802880828454e-05
2.244287871272002688e-01 8.740117522425918707e-05
2.263804463571359726e-01 8.893568682276110091e-05
2.283490774461569284e-01 4.625270532695808427e-05
2.303348279835530921e-01 6.160531651737683313e-05
2.323378468420695397e-01 8.517602106608995218e-05
2.343582841890650970e-01 6.894705448264750835e-05
2.363962914977721097e-01 4.238957627818058105e-05
2.384520215586515834e-01 6.907963041645438437e-05
2.405256284908496855e-01 8.402051115693447288e-05
2.426172677537495881e-01 5.197017619354017112e-05
2.447270961586280325e-01 4.018988651916577989e-05
2.468552718804107593e-01 7.268500823469330868e-05
2.490019544695326048e-01 7.835260858217846485e-05
2.511673048638964900e-01 3.866018454771232292e-05
2.533514854009408790e-01 4.827982911202183941e-05
2.555546598298095717e-01 7.083419958560324573e-05
2.577769933236280231e-01 6.081079032272051165e-05
2.600186524918879361e-01 3.551454296128656702e-05
2.622798053929353834e-01 5.599206822642284497e-05
2.645606215465723388e-01 6.936857865009885601e-05
2.668612719467642891e-01 4.656296465474689617e-05
2.691819290744620341e-01 3.227741406967973083e-05
2.715227669105294561e-01 6.067826410871857574e-05
2.738839609487891957e-01 6.946506733964018438e-05
2.762656882091784616e-01 3.307657430613038886e-05
2.786681272510220242e-01 3.790682169652517916e-05
2.810914581864162876e-01 5.902868400173105317e-05
2.835358626937341531e-01 5.403033039058974029e-05
2.860015240312445695e-01 3.008243948582814935e-05
2.884886270508535966e-01 4.505282266803405209e-05
2.909973582119598223e-01 5.742296975705717479e-05
2.935279055954351790e-01 4.153746809717140197e-05
2.960804589177245538e-01 2.741820995296006782e-05
2.986552095450710764e-01 4.920761116186083003e-05
3.012523505078597008e-01 5.764192799174310699e-05
3.038720765150909608e-01 3.087552806746701045e-05
3.065145839689772389e-01 2.957297438962890648e-05
3.091800709796694302e-01 4.917611318983551360e-05
3.118687373801061202e-01 4.821958260113516848e-05
3.145807847409970437e-01 2.567826223753740046e-05
3.173164163859343301e-01 3.570944356298573892e-05
3.200758374066375866e-01 4.787327001719383283e-05
3.228592546783266015e-01 3.728396672015869199e-05
3.256668768752330467e-01 2.336374394038591770e-05
3.284989144862437982e-01 3.959286218750479792e-05
3.313555798306836442e-01 4.762659390297464520e-05
3.342370870742295552e-01 2.858288294071330838e-05
3.371436522449691164e-01 2.322224263613183756e-05
3.400754932495956839e-01 4.106566244647563192e-05
3.430328298897442618e-01 4.296447809154438499e-05
3.460158838784727076e-01 2.177488777397817662e-05
3.490248788568799942e-01 2.813084176515623933e-05
3.520600404108750747e-01 4.006526365257530710e-05
3.551215960880879652e-01 3.338410648990420638e-05
3.582097754149316526e-01 1.995091742625805046e-05
3.613248099138059444e-01 3.214475843611108382e-05
3.644669331204575813e-01 3.945482509468478059e-05
3.676363806014867897e-01 2.571961260995644133e-05
3.708333899720110405e-01 1.866840025765340486e-05
3.740582009134747477e-01 3.411726649412331707e-05
3.773110551916212252e-01 3.706838511382080920e-05
3.805921966746164120e-01 1.719419696608406618e-05
3.839018713513348557e-01 2.186579797517482749e-05
3.872403273497971310e-01 3.303303540082549376e-05
3.906078149557752899e-01 2.845003847253136425e-05
3.940045866315551870e-01 1.617412248877770766e-05
3.974308970348665593e-01 2.601994429858546501e-05
4.008870030379708127e-01 3.197372075521649672e-05
4.043731637469215601e-01 2.144919407043972557e-05
4.078896405209885834e-01 1.494101833214773332e-05
4.114366969922547135e-01 2.824208817134672760e-05
4.150145990853765232e-01 3.209714513663719320e-05
4.186236150375233778e-01 1.542698868607566428e-05
4.222640154184861272e-01 1.713018117852318687e-05
4.259360731509646003e-01 2.774382352385541023e-05
4.296400635310244631e-01 2.566813516648962974e-05
4.333762642487392069e-01 1.374381944181269098e-05
4.371449554090071632e-01 2.073603584361276891e-05
4.409464195525542585e-01 2.685489625827064728e-05
4.447809416771117408e-01 1.947243241155040291e-05
4.486488092587853638e-01 1.277085987123744007e-05
4.525503122736064254e-01 2.285442762919246478e-05
4.564857432192742093e-01 2.671280428574525733e-05
4.604553971370802801e-01 1.474169379809582948e-05
4.644595716340308988e-01 1.333645050591542371e-05
4.684985669051579538e-01 2.247351587466454970e-05
4.725726857560239580e-01 1.962815234513535649e-05
4.766822336254268322e-01 8.164772178737516491e-06
4.808275186082938135e-01 1.642898281953484815e-05
4.850088514787828653e-01 2.099792263880349833e-05
4.892265457135799300e-01 1.367587096973003043e-05
4.934809175154037386e-01 9.006025856945445074e-06
4.977722858367065739e-01 1.863837236067469714e-05
5.021009724035897515e-01 1.998392562776097451e-05
5.064673017399220489e-01 8.944411940759054152e-06
5.108716011916725197e-01 1.028373387239003533e-05
5.153142009514469768e-01 1.908964714407921290e-05
5.197954340832457998e-01 1.791805997641284396e-05
5.243156365474324065e-01 6.555178622089855051e-06
5.288751472259241027e-01 1.297439033106590891e-05
5.334743079475925409e-01 1.783166483188035342e-05
5.381134635138942190e-01 1.267732318158290422e-05
5.427929617247191363e-01 7.334365616706928856e-06
5.475131534044691550e-01 1.520001245277485813e-05
5.522743924283534112e-01 1.675315518391087437e-05
5.570770357489227553e-01 8.382146371912751207e-06
5.619214434228285704e-01 7.889755494883617950e-06
5.668079786378203977e-01 1.622335136755505714e-05
5.717370077399681616e-01 1.627685922567736099e-05
5.767089002611317516e-01 5.243517745660700268e-06
5.817240289466624192e-01 1.019086984253833073e-05
5.867827697833521983e-01 1.514438336530223227e-05
5.918855020276158063e-01 1.171870028673085614e-05
5.970326082339271201e-01 5.940098141980275491e-06
6.022244742834980125e-01 1.225510088868023483e-05
6.074614894132123188e-01 1.412935445223292827e-05
6.127440462448002778e-01 7.928841073248203973e-06
6.180725408142782040e-01 6.443768022544988913e-06
6.234473726016375172e-01 1.334601339812311317e-05
6.288689445607976714e-01 1.364318145195807794e-05
6.343376631498099938e-01 4.734110004796166494e-06
6.398539383613339737e-01 7.334185852816336413e-06
6.454181837533737864e-01 1.245871858672901851e-05
6.510308164802816044e-01 1.070968197333525635e-05
6.566922573240365768e-01 4.349402694459534910e-06
6.624029307257842669e-01 9.164282162334652510e-06
6.681632648176613065e-01 1.179392448916407628e-05
6.739736914548912772e-01 7.315098258535175630e-06
6.798346462481650310e-01 4.713198795907066415e-06
6.857465685962920166e-01 1.035882159390364494e-05
6.917099017191464805e-01 1.142581381361186184e-05
6.977250926908941109e-01 4.598548180190132602e-06
7.037925924735140004e-01 5.607620436338153674e-06
7.099128559506000524e-01 1.044969412848266136e-05
7.160863419614688086e-01 9.610050346075808378e-06
7.223135133355564896e-01 3.319088302106468903e-06
7.285948369271224578e-01 7.182110804702451239e-06
7.349307836502422253e-01 9.847763265152086477e-06
7.413218285141167652e-01 6.610090997211939385e-06
7.477684506586818047e-01 3.722794277838118404e-06
7.542711333905347537e-01 8.310666172066827096e-06
7.608303642191600602e-01 9.271693798646168662e-06
7.674466348934834148e-01 4.124185492593829109e-06
7.741204414387362620e-01 4.192853610798366014e-06
7.808522841936478276e-01 8.694786713655033170e-06
7.876426678479477861e-01 8.642972825675201387e-06
7.944921014802089898e-01 2.574588628291824582e-06
8.014010985960100530e-01 5.486168167116165829e-06
8.083701771664388858e-01 8.103684363075081999e-06
8.153998596669171928e-01 6.001427136496642536e-06
8.224906731163758034e-01 2.942762683296833233e-06
8.296431491167628458e-01 6.664049615534398321e-06
8.368578238929044177e-01 7.594058868086571146e-06
8.441352383326964359e-01 3.574156041098023427e-06
8.514759380276614165e-01 2.266328193553059047e-06
8.588804733138484249e-01 6.367671887331314626e-06
8.663493993130986226e-01 7.475836408131353209e-06
8.738832759746534284e-01 1.729392185963119277e-06
8.814826681171405998e-01 3.239583939848888105e-06
8.891481454709175836e-01 6.422493384248618205e-06
8.968802827207822403e-01 5.511870879794457230e-06
9.046796595490644854e-01 1.661910177337377131e-06
9.125468606790750892e-01 4.211270965274817559e-06
9.204824759189497163e-01 6.339099583405660888e-06
9.284871002058631140e-01 3.487527609593347166e-06
9.365613336506394271e-01 1.811732073880630443e-06
9.447057815827319960e-01 5.062635311391000897e-06
9.529210545956123823e-01 6.243932784249792526e-06
9.612077685925434212e-01 1.817440284523330385e-06
9.695665448327603908e-01 2.412027535520370864e-06
9.779980099780370972e-01 5.350728949388054754e-06
9.865027961396741762e-01 5.091065551512127476e-06
9.950815409258845223e-01 1.303669286238209677e-06
1.003734887489603045e+00 3.257054739597815893e-06
1.012463484576692663e+00 5.284513357886514885e-06
1.021267986574589504e+00 3.341900911724464477e-06
1.030149053561357331e+00 1.434972767835617930e-06
1.039107351355182951e+00 3.998916524592485320e-06
1.048143551564280962e+00 5.208025365343963507e-06
1.057258331637251692e+00 1.834487113507772026e-06
1.066452374913867462e+00 1.751567693578914306e-06
1.075726370676308941e+00 4.450120071532283584e-06
1.085081014200830252e+00 4.668762132646245848e-06
1.094517006809892390e+00 1.007724127937027513e-06
1.104035055924736941e+00 2.486455877207673597e-06
1.113635875118430318e+00 4.397739192348190811e-06
1.123320184169347868e+00 3.156947138383801961e-06
1.133088709115145587e+00 1.122778594366996011e-06
1.142942182307186361e+00 3.132841334159485831e-06
1.152881342465452486e+00 4.336405613623490396e-06
1.162906934733917153e+00 1.799999038025525790e-06
1.173019710736415311e+00 1.226404433079597920e-06
1.183220428632989041e+00 3.692939977660624609e-06
1.193509853176736302e+00 4.254673224660410800e-06
1.203888755771132191e+00 7.634195378101393726e-07
1.214357914527868898e+00 1.865537216917862134e-06
1.224918114325190599e+00 3.651716027584377267e-06
1.235570146866732388e+00 2.947711864058071740e-06
1.246314810740884793e+00 8.642490741743216594e-07
1.257152911480650559e+00 2.428707625884612154e-06
1.268085261624044557e+00 3.602695619505319663e-06
1.279112680775005728e+00 1.772045413927041376e-06
1.290235995664853030e+00 9.504109332310883704e-07
1.301456040214251209e+00 2.922453461217200875e-06
1.312773655595740330e+00 3.546869039087359912e-06
1.324189690296793342e+00 8.224294293273399917e-07
1.335705000183437630e+00 1.366708856399978401e-06
1.347320448564405693e+00 3.023978338373261754e-06
1.359036906255867150e+00 2.725657203918940415e-06
1.370855251646709183e+00 6.505061016683785158e-07
1.382776370764399632e+00 1.857402453540858595e-06
1.394801157341398534e+00 2.985009786098688587e-06
1.406930512882172080e+00 1.708319708306219073e-06
1.419165346730771882e+00 7.263889926517344973e-07
1.431506576139021769e+00 2.288456069321392226e-06
1.443955126335267014e+00 2.940137026316543703e-06
1.456511930593750836e+00 8.487828334451650615e-07
1.469177930304577107e+00 9.675431046799185650e-07
1.481954075044296548e+00 2.495856542167714019e-06
1.494841322647081805e+00 2.499415184449257140e-06
1.507840639276547767e+00 4.742999283380764808e-07
1.520952999498178970e+00 1.395170922339927002e-06
1.534179386352404695e+00 2.465156833794757177e-06
1.547520791428281806e+00 1.619166150070876246e-06
1.560978214937845276e+00 5.412811225095808781e-07
1.574552665791089545e+00 1.771558520653521488e-06
1.588245161671617556e+00 2.429363524716446528e-06
1.602056729112920408e+00 8.437133232302413557e-07
1.615988403575349119e+00 6.498952307127538441e-07
1.630041229523736535e+00 2.051904105887534845e-06
1.644216260505714233e+00 2.275487943223815809e-06
1.658514559230679586e+00 3.298069917621877781e-07
1.672937197649479124e+00 1.022725470407855713e-06
1.687485257034770258e+00 2.028109482612432767e-06
1.702159828062082658e+00 1.514095586606364538e-06
1.716962010891597723e+00 3.891754958657501103e-07
1.731892915250611065e+00 1.351551343061954429e-06
1.746953660516740170e+00 1.999962704357246030e-06
1.762145375801840386e+00 8.293339503176235485e-07
1.777469200036665420e+00 4.402529043454432639e-07
1.792926282056236609e+00 1.640162143840371863e-06
1.808517780685982901e+00 1.968074239485886148e-06
1.824244864828613144e+00 2.890225734479870367e-07
1.840108713551761532e+00 7.245801122319268091e-07
1.856110516176364245e+00 1.661607244707136690e-06
1.872251472365835667e+00 1.400725949158175137e-06
1.888532792216001566e+00 2.655501858300827343e-07
1.904955696345834282e+00 1.012216031028852532e-06
1.921521415988942216e+00 1.640120054304983195e-06
1.938231193085890425e+00 8.087367731564216485e-07
1.955086280377301922e+00 3.116797902461795133e-07
1.972087941497790986e+00 1.265408617412694370e-06
1.989237451070676954e+00 1.615588491810079343e-06
2.006536094803557102e+00 3.197833514864831575e-07
2.023985169584691324e+00 4.886647095397072307e-07
2.041585983580242125e+00 1.356029012480653309e-06
2.059339856332330410e+00 1.285549101426825979e-06
2.077248118857972781e+00 1.674128016160388944e-07
2.095312113748865279e+00 7.410460594541700462e-07
2.113533195272049525e+00 1.340815341481999015e-06
2.131912729471422630e+00 7.749273339223126082e-07
2.150452094270164594e+00 2.101095141474296883e-07
2.169152679574033460e+00 9.641804386952905906e-07
2.188015887375584612e+00 1.323431009307716528e-06
2.207043131859253382e+00 3.353185143706866817e-07
2.226235839507395120e+00 3.065460284363197404e-07
2.245595449207218763e+00 1.104862005871956603e-06
2.265123412358678756e+00 1.175196709205851467e-06
2.284821192983264027e+00 9.414323761209156173e-08
2.304690267833769735e+00 5.298043406532588741e-07
2.324732126505007823e+00 1.096692591264597989e-06
2.344948271545479468e+00 7.372414887155761343e-07
2.365340218570036956e+00 1.359973101038979709e-07
2.385909496373485261e+00 7.289650406759921691e-07
2.406657647045214343e+00 1.087869897688552405e-06
2.427586226084801346e+00 3.464187701815629278e-07
2.448696802518643079e+00 1.752740896527226266e-07
2.469990959017563714e+00 9.069594574964785736e-07
2.491470292015483867e+00 1.079580569453824513e-06
2.513136411829095973e+00 1.413940793853944834e-10
2.534990942778612144e+00 1.315740484428853229e-10
2.557035523309510339e+00 1.069949419160628232e-10
2.579271806115387644e+00 1.338417106038926332e-10
2.601701458261856725e+00 1.455987580511806246e-10
2.624326161311541838e+00 1.221522085020991434e-10
2.647147611450122007e+00 1.012861727065512292e-10
2.670167519613511065e+00 1.430443970546747286e-10
2.693387611616118171e+00 1.423481072371957250e-10
2.716809628280254074e+00 1.149774041910803119e-10
2.740435325566610736e+00 1.110581140135768247e-10
2.764266474705925791e+00 1.397149103358514899e-10
2.788304862331765221e+00 1.319858177415117495e-10
2.812552290614484196e+00 1.089933756091951466e-10
2.837010577396310573e+00 1.273597325299259317e-10
2.861681556327648313e+00 1.412564792926814213e-10
2.886567077004534632e+00 1.225390336615480622e-10
2.911669005107329511e+00 9.969946796810332623e-11
2.936989222540553612e+00 1.422939593018706448e-10
2.962529627573996294e+00 1.435986355484109178e-10
2.988292134985019999e+00 1.085026489274087598e-10
3.014278676202133855e+00 7.704132565731618711e-11
3.040491199449760096e+00 9.816604695605968241e-11
3.066931669894316315e+00 1.166137267589720398e-10
3.093602069791534959e+00 9.931445682572431362e-11
3.120504398635093324e+00 8.469392754311387102e-11
3.147640673306485670e+00 1.017062081126086321e-10
3.175012928226252029e+00 9.966662939204283537e-11
3.202623215506492649e+00 5.416361952107617013e-11
3.230473605104711599e+00 7.302338905208558099e-11
3.258566184979025948e+00 9.395405595016933262e-11
3.286903061244664137e+00 5.141675945123859675e-11
3.315486358331888095e+00 0.000000000000000000e+00
3.344318219145249849e+00 0.000000000000000000e+00
3.373400805224270105e+00 0.000000000000000000e+00
3.402736296905455760e+00 0.000000000000000000e+00
3.432326893485781572e+00 0.000000000000000000e+00
3.462174813387563166e+00 0.000000000000000000e+00
3.492282294324797309e+00 0.000000000000000000e+00
3.522651593470887299e+00 0.000000000000000000e+00
3.553284987627888469e+00 0.000000000000000000e+00
3.584184773397189439e+00 0.000000000000000000e+00
3.615353267351714805e+00 0.000000000000000000e+00
3.646792806209562254e+00 0.000000000000000000e+00
3.678505747009205518e+00 0.000000000000000000e+00
3.710494467286228559e+00 0.000000000000000000e+00
3.742761365251500383e+00 0.000000000000000000e+00
3.775308859971053810e+00 0.000000000000000000e+00
3.808139391547406660e+00 0.000000000000000000e+00
3.841255421302454565e+00 0.000000000000000000e+00
3.874659431962094835e+00 0.000000000000000000e+00
3.908353927842245668e+00 0.000000000000000000e+00
3.942341435036694985e+00 0.000000000000000000e+00
3.976624501606440099e+00 0.000000000000000000e+00
4.011205697770675371e+00 0.000000000000000000e+00
4.046087616099566908e+00 0.000000000000000000e+00
4.081272871708578442e+00 0.000000000000000000e+00
4.116764102454481211e+00 0.000000000000000000e+00
4.152563969133220567e+00 0.000000000000000000e+00
4.188675155679277395e+00 0.000000000000000000e+00
4.225100369366988851e+00 0.000000000000000000e+00
4.261842341013469593e+00 0.000000000000000000e+00
4.298903825183296057e+00 0.000000000000000000e+00
4.336287600395125175e+00 0.000000000000000000e+00
4.373996469329878067e+00 0.000000000000000000e+00
4.412033259040966549e+00 0.000000000000000000e+00
4.450400821166194731e+00 0.000000000000000000e+00
4.489102032141495613e+00 0.000000000000000000e+00
4.528139793416677605e+00 0.000000000000000000e+00
4.567517031672899464e+00 0.000000000000000000e+00
4.607236699042036143e+00 0.000000000000000000e+00
4.647301773328115004e+00 0.000000000000000000e+00
4.687715258230432447e+00 0.000000000000000000e+00
4.728480183568859019e+00 0.000000000000000000e+00
4.769599605510937756e+00 0.000000000000000000e+00
4.811076606800951616e+00 0.000000000000000000e+00
4.852914296991146514e+00 0.000000000000000000e+00
4.895115812674799116e+00 0.000000000000000000e+00
4.937684317721321214e+00 0.000000000000000000e+00
4.980623003513575675e+00 0.000000000000000000e+00
5.023935089186997160e+00 0.000000000000000000e+00
5.067623821871054979e+00 0.000000000000000000e+00
5.111692476932641505e+00 0.000000000000000000e+00
5.156144358221570023e+00 0.000000000000000000e+00
5.200982798318376510e+00 0.000000000000000000e+00
5.246211158784113593e+00 0.000000000000000000e+00
5.291832830412305455e+00 0.000000000000000000e+00
5.337851233483296376e+00 0.000000000000000000e+00
5.384269818020514187e+00 0.000000000000000000e+00
5.431092064049256152e+00 0.000000000000000000e+00
5.478321481857529207e+00 0.000000000000000000e+00
5.525961612259162159e+00 0.000000000000000000e+00
5.574016026859376360e+00 0.000000000000000000e+00
5.622488328322496010e+00 0.000000000000000000e+00
5.671382150641978370e+00 0.000000000000000000e+00
5.720701159412996617e+00 0.000000000000000000e+00
5.770449052107092136e+00 0.000000000000000000e+00
5.820629558349516230e+00 0.000000000000000000e+00
5.871246440198783390e+00 0.000000000000000000e+00
5.922303492428649285e+00 0.000000000000000000e+00
5.973804542812752416e+00 0.000000000000000000e+00
6.025753452411422018e+00 0.000000000000000000e+00
6.078154115861285511e+00 0.000000000000000000e+00
6.131010461667188771e+00 0.000000000000000000e+00
6.184326452496658355e+00 0.000000000000000000e+00
6.238106085477107321e+00 0.000000000000000000e+00
6.292353392495443565e+00 0.000000000000000000e+00
6.347072440500270751e+00 0.000000000000000000e+00
6.402267331806949180e+00 0.000000000000000000e+00
6.457942204404965914e+00 0.000000000000000000e+00
6.514101232268322939e+00 0.000000000000000000e+00
6.570748625668390908e+00 0.000000000000000000e+00
6.627888631489490479e+00 0.000000000000000000e+00
6.685525533547417076e+00 0.000000000000000000e+00
6.743663652910536932e+00 0.000000000000000000e+00
6.802307348223664007e+00 0.000000000000000000e+00
6.861461016034997584e+00 0.000000000000000000e+00
6.921129091125544086e+00 0.000000000000000000e+00
6.981316046841760325e+00 0.000000000000000000e+00
7.042026395430854180e+00 0.000000000000000000e+00
7.103264688378991387e+00 0.000000000000000000e+00
7.165035516752675804e+00 0.000000000000000000e+00
7.227343511542866139e+00 0.000000000000000000e+00
7.290193344012090293e+00 0.000000000000000000e+00
7.353589726044828190e+00 0.000000000000000000e+00
7.417537410500560924e+00 0.000000000000000000e+00
7.482041191570272254e+00 0.000000000000000000e+00
7.547105905135801152e+00 0.000000000000000000e+00
7.612736429132302973e+00 0.000000000000000000e+00
7.678937683914115020e+00 0.000000000000000000e+00
7.745714632623556639e+00 0.000000000000000000e+00
7.813072281562936539e+00 0.000000000000000000e+00
7.881015680570069293e+00 0.000000000000000000e+00
7.949549923396645568e+00 0.000000000000000000e+00
8.018680148090304272e+00 0.000000000000000000e+00
8.088411537379753824e+00 0.000000000000000000e+00
8.158749319063240080e+00 0.000000000000000000e+00
8.229698766400669996e+00 0.000000000000000000e+00
8.301265198508730236e+00 0.000000000000000000e+00
8.373453980759858695e+00 0.000000000000000000e+00
8.446270525184408129e+00 0.000000000000000000e+00
8.519720290876291457e+00 0.000000000000000000e+00
8.593808784402444445e+00 0.000000000000000000e+00
8.668541560215553332e+00 0.000000000000000000e+00
8.743924221070392022e+00 0.000000000000000000e+00
8.819962418444074359e+00 0.000000000000000000e+00
8.896661852959498518e+00 0.000000000000000000e+00
8.974028274812951622e+00 0.000000000000000000e+00
9.052067484205103653e+00 0.000000000000000000e+00
9.130785331775760127e+00 0.000000000000000000e+00
9.210187719042675525e+00 0.000000000000000000e+00
9.290280598843901672e+00 0.000000000000000000e+00
9.371069975783974826e+00 0.000000000000000000e+00
9.452561906684310955e+00 0.000000000000000000e+00
9.534762501037027604e+00 0.000000000000000000e+00
9.617677921463210211e+00 0.000000000000000000e+00
9.701314384174821726e+00 0.000000000000000000e+00
9.785678159440639234e+00 0.000000000000000000e+00
9.870775572056537328e+00 0.000000000000000000e+00
9.956613001819562214e+00 0.000000000000000000e+00
1.004319688400612698e+01 0.000000000000000000e+00
1.013053370985470636e+01 0.000000000000000000e+00
1.021863002705220858e+01 0.000000000000000000e+00
1.030749244022511135e+01 0.000000000000000000e+00
1.039712761143449882e+01 0.000000000000000000e+00
1.048754226067542206e+01 0.000000000000000000e+00
1.057874316638090484e+01 0.000000000000000000e+00
1.067073716593003319e+01 0.000000000000000000e+00
1.076353115616042899e+01 0.000000000000000000e+00
1.085713209388558553e+01 0.000000000000000000e+00
1.095154699641611096e+01 0.000000000000000000e+00
1.104678294208609124e+01 0.000000000000000000e+00
1.114284707078364534e+01 0.000000000000000000e+00
1.123974658448607755e+01 0.000000000000000000e+00
1.133748874780010141e+01 0.000000000000000000e+00
1.143608088850614557e+01 0.000000000000000000e+00
1.153553039810800485e+01 0.000000000000000000e+00
1.163584473238685923e+01 0.000000000000000000e+00
1.173703141196012645e+01 0.000000000000000000e+00
1.183909802284551915e+01 0.000000000000000000e+00
1.194205221702966035e+01 0.000000000000000000e+00
1.204590171304162105e+01 0.000000000000000000e+00
1.215065429653188467e+01 0.000000000000000000e+00
1.225631782085570265e+01 0.000000000000000000e+00
1.236290020766215214e+01 0.000000000000000000e+00
1.247040944748791347e+01 0.000000000000000000e+00
1.257885360035618305e+01 0.000000000000000000e+00
1.268824079638119962e+01 0.000000000000000000e+00
1.279857923637764472e+01 0.000000000000000000e+00
1.290987719247530663e+01 0.000000000000000000e+00
1.302214300873958130e+01 0.000000000000000000e+00
1.313538510179665408e+01 0.000000000000000000e+00
1.324961196146482223e+01 0.000000000000000000e+00
1.336483215139085345e+01 0.000000000000000000e+00
1.348105430969184937e+01 0.000000000000000000e+00
1.359828714960316454e+01 0.000000000000000000e+00
