#2000

9.999999999999990841e-02 -4.458360594035847311e-05
1.008696118064521530e-01 -4.536238565516626637e-05
1.017467858598436053e-01 -4.615476896946971641e-05
1.026315879223663186e-01 -4.696099350853800270e-05
1.035240843280886280e-01 -4.778130104837016761e-05
1.044243419879272716e-01 -4.861593758830762567e-05
1.053324283946643625e-01 -4.946515342472756821e-05
1.062484116280070223e-01 -5.032920322613444665e-05
1.071723603596921592e-01 -5.120834610952060940e-05
1.081043438586335864e-01 -5.210284571810693146e-05
1.090444319961159925e-01 -5.301297030030069151e-05
1.099926952510328210e-01 -5.393899279030820571e-05
1.109492047151708349e-01 -5.488119088984365763e-05
1.119140320985388265e-01 -5.583984715137365999e-05
1.128872497347444825e-01 -5.681524906310303144e-05
1.138689305864168527e-01 -5.780768913484303267e-05
1.148591482506772371e-01 -5.881746498597743204e-05
1.158579769646556068e-01 -5.984487943465523077e-05
1.168654916110569847e-01 -6.089024058848210115e-05
1.178817677237749967e-01 -6.195386193716187072e-05
1.189068814935555635e-01 -6.303606244620868330e-05
1.199409097737076935e-01 -6.413716665287007854e-05
1.209839300858660954e-01 -6.525750476326317177e-05
1.220360206258024882e-01 -6.639741275147592321e-05
1.230972602692889661e-01 -6.755723246030915737e-05
1.241677285780099504e-01 -6.873731170382083825e-05
1.252475058055279034e-01 -6.993800437154501666e-05
1.263366729032995295e-01 -7.115967053468693943e-05
1.274353115267455594e-01 -7.240267655412935884e-05
1.285435040413713259e-01 -7.366739519016228999e-05
1.296613335289425184e-01 -7.495420571444688857e-05
1.307888837937133952e-01 -7.626349402359083266e-05
1.319262393687106460e-01 -7.759565275502558761e-05
1.330734855220694068e-01 -7.895108140450622018e-05
1.342307082634268400e-01 -8.033018644631674434e-05
1.353979943503700878e-01 -8.173338145471163371e-05
1.365754312949402083e-01 -8.316108722825456614e-05
1.377631073701940378e-01 -8.461373191582267906e-05
1.389611116168207594e-01 -8.609175114519300128e-05
1.401695338498178955e-01 -8.759558815346274517e-05
1.413884646652247556e-01 -8.912569392016312275e-05
1.426179954469151134e-01 -9.068252730228961128e-05
1.438582183734470332e-01 -9.226655517213249607e-05
1.451092264249743691e-01 -9.387825255710451381e-05
1.463711133902172168e-01 -9.551810278228076308e-05
1.476439738734941498e-01 -9.718659761530649890e-05
1.489279033018132969e-01 -9.888423741393533722e-05
1.502229979320276465e-01 -1.006115312758706708e-04
1.515293548580508298e-01 -1.023689971917974179e-04
1.528470720181373255e-01 -1.041571622003055405e-04
1.541762482022236702e-01 -1.059765625462259000e-04
1.555169830593352842e-01 -1.078277438413423854e-04
1.568693771050573282e-01 -1.097112612280705000e-04
1.582335317290710086e-01 -1.116276795456692407e-04
1.596095492027533869e-01 -1.135775735001001252e-04
1.609975326868457179e-01 -1.155615278358954078e-04
1.623975862391870695e-01 -1.175801375118674621e-04
1.638098148225164696e-01 -1.196340078792275440e-04
1.652343243123406691e-01 -1.217237548633334754e-04
1.666712215048723467e-01 -1.238500051483413904e-04
1.681206141250365937e-01 -1.260133963651463671e-04
1.695826108345479533e-01 -1.282145772823273309e-04
1.710573212400551546e-01 -1.304542080013071316e-04
1.725448559013596228e-01 -1.327329601536004144e-04
1.740453263397035433e-01 -1.350515171026933116e-04
1.755588450461319505e-01 -1.374105741487882193e-04
1.770855254899243170e-01 -1.398108387373258807e-04
1.786254821271026916e-01 -1.422530306711897717e-04
1.801788304090118920e-01 -1.447378823265633540e-04
1.817456867909762463e-01 -1.472661388722185029e-04
1.833261687410282781e-01 -1.498385584937380027e-04
1.849203947487168542e-01 -1.524559126198751140e-04
1.865284843339897747e-01 -1.551189861547671005e-04
1.881505580561542434e-01 -1.578285777129168868e-04
1.897867375229163600e-01 -1.605854998583949725e-04
1.914371453994961614e-01 -1.633905793493305462e-04
1.931019054178250149e-01 -1.662446573848744985e-04
1.947811423858226421e-01 -1.691485898580759989e-04
1.964749821967523291e-01 -1.721032476124587237e-04
1.981835518386602102e-01 -1.751095167028655594e-04
1.999069794038956238e-01 -1.781682986616910872e-04
2.016453940987135984e-01 -1.812805107685683899e-04
2.033989262529631858e-01 -1.844470863258668018e-04
2.051677073298560361e-01 -1.876689749386392528e-04
2.069518699358238456e-01 -1.909471427991591482e-04
2.087515478304591277e-01 -1.942825729764911173e-04
2.105668759365446063e-01 -1.976762657118900273e-04
2.123979903501664324e-01 -2.011292387178315586e-04
2.142450283509187980e-01 -2.046425274844112087e-04
2.161081284121949275e-01 -2.082171855885779686e-04
2.179874302115703821e-01 -2.118542850109659268e-04
2.198830746412720472e-01 -2.155549164568652473e-04
2.217952038187427088e-01 -2.193201896838043157e-04
2.237239610972949488e-01 -2.231512338335660814e-04
2.256694910768596574e-01 -2.270491977716207770e-04
2.276319396148247243e-01 -2.310152504308934397e-04
2.296114538369714853e-01 -2.350505811629273196e-04
2.316081821485040104e-01 -2.391564000940420696e-04
2.336222742451768697e-01 -2.433339384884622729e-04
2.356538811245151577e-01 -2.475844491175562619e-04
2.377031550971368534e-01 -2.519092066353988721e-04
2.397702497981706593e-01 -2.563095079607436463e-04
2.418553201987755918e-01 -2.607866726667338849e-04
2.439585226177570232e-01 -2.653420433757147038e-04
2.460800147332875554e-01 -2.699769861622484924e-04
2.482199555947271208e-01 -2.746928909627178203e-04
2.503785056345493865e-01 -2.794911719921375302e-04
2.525558266803661911e-01 -2.843732681681771001e-04
2.547520819670616721e-01 -2.893406435426587424e-04
2.569674361490301706e-01 -2.943947877405776433e-04
2.592020553125193305e-01 -2.995372164067557443e-04
2.614561069880838584e-01 -3.047694716603625495e-04
2.637297601631426458e-01 -3.100931225574360428e-04
2.660231852946490783e-01 -3.155097655610627355e-04
2.683365543218717009e-01 -3.210210250205503034e-04
2.706700406792818536e-01 -3.266285536582383734e-04
2.730238193095579913e-01 -3.323340330646908981e-04
2.753980666767006924e-01 -3.381391742040482638e-04
2.777929607792620215e-01 -3.440457179261363629e-04
2.802086811636917418e-01 -3.500554354882142241e-04
2.826454089377953283e-01 -3.561701290876164642e-04
2.851033267843136043e-01 -3.623916324003197131e-04
2.875826189746176764e-01 -3.687218111318953974e-04
2.900834713825254929e-01 -3.751625635769703670e-04
2.926060714982344768e-01 -3.817158211876439536e-04
2.951506084423791698e-01 -3.883835491537020158e-04
2.977172729802092244e-01 -3.951677469909635845e-04
3.003062575358928510e-01 -4.020704491414713337e-04
3.029177562069398366e-01 -4.090937255830374682e-04
3.055519647787556248e-01 -4.162396824505076149e-04
3.082090807393179643e-01 -4.235104626669967715e-04
3.108893032939850087e-01 -4.309082465859118203e-04
3.135928333804265944e-01 -4.384352526460509299e-04
3.163198736836909108e-01 -4.460937380351468308e-04
3.190706286513985135e-01 -4.538859993686027465e-04
3.218453045090725051e-01 -4.618143733758343808e-04
3.246441092755956159e-01 -4.698812376033408207e-04
3.274672527788078935e-01 -4.780890111258248262e-04
3.303149466712372306e-01 -4.864401552722992885e-04
3.331874044459661177e-01 -4.949371743643545332e-04
3.360848414526400596e-01 -5.035826164658677509e-04
3.390074749136085530e-01 -5.123790741488282261e-04
3.419555239402123359e-01 -5.213291852694659561e-04
3.449292095492120236e-01 -5.304356337591701427e-04
3.479287546793543573e-01 -5.397011504297389390e-04
3.509543842080882770e-01 -5.491285137923434872e-04
3.540063249684236024e-01 -5.587205508899325927e-04
3.570848057659360975e-01 -5.684801381457760738e-04
3.601900573959237462e-01 -5.784102022249372217e-04
3.633223126607058040e-01 -5.885137209124190975e-04
3.664818063870780573e-01 -5.987937240065816001e-04
3.696687754439194618e-01 -6.092532942259380226e-04
3.728834587599472727e-01 -6.198955681354897983e-04
3.761260973416312714e-01 -6.307237370852651365e-04
3.793969342912621445e-01 -6.417410481687901716e-04
3.826962148251761842e-01 -6.529508051959773997e-04
3.860241862921417466e-01 -6.643563696832902260e-04
3.893810981918994218e-01 -6.759611618622405043e-04
3.927672021938696245e-01 -6.877686617050408641e-04
3.961827521560189469e-01 -6.997824099676640134e-04
3.996280041438950992e-01 -7.120060092514905780e-04
4.031032164498199455e-01 -7.244431250829737800e-04
4.066086496122563454e-01 -7.370974870141310973e-04
4.101445664353398080e-01 -7.499728897391633219e-04
4.137112320085838957e-01 -7.630731942330815131e-04
4.173089137267496085e-01 -7.764023289093111750e-04
4.209378813098949568e-01 -7.899642907971223720e-04
4.245984068235950648e-01 -8.037631467400645257e-04
4.282907646993411310e-01 -8.178030346162976517e-04
4.320152317551111953e-01 -8.320881645772221094e-04
4.357720872161257031e-01 -8.466228203120970035e-04
4.395616127357797609e-01 -8.614113603304295258e-04
4.433840924167620212e-01 -8.764582192699395431e-04
4.472398128323493149e-01 -8.917679092251302054e-04
4.511290630478942965e-01 -9.073450211020477833e-04
4.550521346424961644e-01 -9.231942259917534253e-04
4.590093217308595097e-01 -9.393202765733048385e-04
4.630009209853474528e-01 -9.557280085367194896e-04
4.670272316582186889e-01 -9.724223420357348260e-04
4.710885556040647626e-01 -9.894082831586267519e-04
4.751851973024430742e-01 -1.006690925432921022e-03
4.793174638806984578e-01 -1.024275451349899351e-03
4.834856651369925928e-01 -1.042167133920071740e-03
4.876901135635279272e-01 -1.060371338253645419e-03
4.919311243699759362e-01 -1.078893523167322654e-03
4.962090155071104958e-01 -1.097739242823274645e-03
5.005241076906408182e-01 -1.116914148393093270e-03
5.048767244252574393e-01 -1.136423989751430890e-03
5.092671920288889265e-01 -1.156274617201449124e-03
5.136958396571600360e-01 -1.176471983227049588e-03
5.181629993280726376e-01 -1.197022144277595790e-03
5.226690059468965810e-01 -1.217931262585465312e-03
5.272141973312765018e-01 -1.239205608010751072e-03
5.317989142365616706e-01 -1.260851559921667957e-03
5.364235003813476732e-01 -1.282875609109252997e-03
5.410883024732482394e-01 -1.305284359729644381e-03
5.457936702348867852e-01 -1.328084531287057092e-03
5.505399564301183268e-01 -1.351282960644934784e-03
5.553275168904716619e-01 -1.374886604078449232e-03
5.601567105418293613e-01 -3.073527063897995779e-03
5.650278994313345793e-01 -1.313749889610166602e-02
5.699414487545385599e-01 -3.323812134396506718e-02
5.748977268827730747e-01 -4.678409346302642158e-02
5.798971053907711060e-01 -4.720328059125587089e-02
5.849399590845232311e-01 -4.762632862593720734e-02
5.900266660293791432e-01 -4.805327490535504786e-02
5.951576075783870934e-01 -4.848415715958481753e-02
6.003331684008874625e-01 -4.891901351245996066e-02
6.055537365113494719e-01 -4.935788248834309389e-02
6.108197032984648001e-01 -4.980080301500292017e-02
6.161314635544848928e-01 -5.024781442971275325e-02
6.214894155048216184e-01 -5.069895648315535935e-02
6.268939608379027195e-01 -5.115426934452307894e-02
6.323455047352840586e-01 -5.161379360688244516e-02
6.378444559020320925e-01 -5.207757029092428824e-02
6.433912265973572575e-01 -5.254564085205498669e-02
6.489862326655245761e-01 -5.301804718269945843e-02
6.546298935670337160e-01 -5.349483162087680099e-02
6.603226324100583966e-01 -5.397603695149257724e-02
6.660648759821724552e-01 -5.446170641631401660e-02
6.718570547823450312e-01 -5.495188371379806230e-02
6.776996030532133064e-01 -5.544661301110352658e-02
6.835929588136441248e-01 -5.594593894203286899e-02
6.895375638915638428e-01 -5.644990662124077518e-02
6.955338639570869397e-01 -5.695856164032948171e-02
7.015823085559311778e-01 -5.747195008416450951e-02
7.076833511431137591e-01 -5.799011852511412601e-02
7.138374491169512392e-01 -5.851311404170642105e-02
7.200450638533497649e-01 -5.904098421059997270e-02
7.263066607403938502e-01 -5.957377712799394320e-02
7.326227092132413521e-01 -6.011154139908059246e-02
7.389936827893099913e-01 -6.065432616242581731e-02
7.454200591037808410e-01 -6.120218107665603008e-02
7.519023199454105688e-01 -6.175515634798554865e-02
7.584409512926441055e-01 -6.231330271405562116e-02
7.650364433500538297e-01 -6.287667147478523400e-02
7.716892905850882833e-01 -6.344531447272286351e-02
7.783999917651421852e-01 -6.401928412738804031e-02
7.851690499949552926e-01 -6.459863341410511384e-02
7.919969727543203497e-01 -6.518341590296430899e-02
7.988842719361363143e-01 -6.577368572800645907e-02
8.058314638847829947e-01 -6.636949763428462434e-02
8.128390694348305301e-01 -6.697090694551434409e-02
8.199076139500924842e-01 -6.757796961068865405e-02
8.270376273630033470e-01 -6.819074217268622506e-02
8.342296442143530832e-01 -6.880928181414208700e-02
8.414842036933657399e-01 -6.943364632712936690e-02
8.488018496781137845e-01 -7.006389415852649905e-02
8.561831307762997056e-01 -7.070008438079172786e-02
8.636286003663828925e-01 -7.134227673636196754e-02
8.711388166390657828e-01 -7.199053160990344369e-02
8.787143426391473833e-01 -7.264491007164171343e-02
8.863557463077267329e-01 -7.330547385143409977e-02
8.940636005247850626e-01 -7.397228538046347890e-02
9.018384831521405465e-01 -7.464540776728609273e-02
9.096809770767613212e-01 -7.532490483824093308e-02
9.175916702544711923e-01 -7.601084111536886290e-02
9.255711557540262646e-01 -7.670328185501515406e-02
9.336200318015781541e-01 -7.740229302848608550e-02
9.417389018255279964e-01 -7.810794135818682760e-02
9.499283745017566005e-01 -7.882029430124788683e-02
9.581890637992619419e-01 -7.953942008322194279e-02
9.665215890261945608e-01 -8.026538768477037289e-02
9.749265748762762085e-01 -8.099826687273142811e-02
9.834046514756408230e-01 -8.173812819008594022e-02
9.919564544300735198e-01 -8.248504298395524514e-02
1.000582624872660809e+00 -8.323908339970066683e-02
1.009283809511863250e+00 -8.400032240494391400e-02
1.018060660679989349e+00 -8.476883378839858429e-02
1.026913836382106648e+00 -8.554469217970177286e-02
1.035844000345376825e+00 -8.632797305318315462e-02
1.044851822068807667e+00 -8.711875274296113081e-02
1.053937976873449367e+00 -8.791710845240166550e-02
1.063103145953024908e+00 -8.872311826390731626e-02
1.072348016424995665e+00 -8.953686115468159623e-02
1.081673281382083962e+00 -9.035841700037654245e-02
1.091079639944221968e+00 -9.118786659800247330e-02
1.100567797310973539e+00 -9.202529166296907759e-02
1.110138464814401260e+00 -9.287077485921715891e-02
1.119792359972392903e+00 -9.372439978954524853e-02
1.129530206542463056e+00 -9.458625103370052467e-02
1.139352734576000836e+00 -9.545641413084719751e-02
1.149260680473008112e+00 -9.633497562664894431e-02
1.159254787037314882e+00 -9.722202304697090403e-02
1.169335803532254303e+00 -9.811764495512539930e-02
1.179504485736843744e+00 -9.902193091563633864e-02
1.189761596002445243e+00 -9.993497156243758006e-02
1.200107903309915125e+00 -1.008568585521370797e-01
1.210544183327264545e+00 -1.017876846438352523e-01
1.221071218467799424e+00 -1.027275436413090798e-01
1.231689797948783527e+00 -1.036765304853606851e-01
1.242400717850614011e+00 -1.046347411830916146e-01
1.253204781176490368e+00 -1.056022729149056344e-01
1.264102797912625364e+00 -1.065792239496766158e-01
1.275095585088966699e+00 -1.075656937669929453e-01
1.286183966840449333e+00 -1.085617829566599135e-01
1.297368774468789621e+00 -1.095675933567203386e-01
1.308650846504795018e+00 -1.105832279406613050e-01
1.320031028771235793e+00 -1.116087909726480726e-01
1.331510174446263628e+00 -1.126443878718571684e-01
1.343089144127361134e+00 -1.136901253970482584e-01
1.354768805895870898e+00 -1.147461114778648150e-01
1.366550035382073647e+00 -1.158124554230404168e-01
1.378433715830831074e+00 -1.168892677477636338e-01
1.390420738167814196e+00 -1.179766603791874008e-01
1.402512001066281933e+00 -1.190747464879845091e-01
1.414708411014461653e+00 -1.201836406903796367e-01
1.427010882383516366e+00 -1.213034588842017564e-01
1.439420337496081892e+00 -1.224343184472878321e-01
1.451937706695422436e+00 -1.235763380788830745e-01
1.464563928415177907e+00 -1.247296379930207394e-01
1.477299949249714306e+00 -1.258943397668099151e-01
1.490146724025102953e+00 -1.270705665272995333e-01
1.503105215870686573e+00 -1.282584428081508798e-01
1.516176396291297745e+00 -1.294580947286703143e-01
1.529361245240088873e+00 -1.306696498601258027e-01
1.542660751191998969e+00 -1.318932373956535620e-01
1.556075911217869701e+00 -1.331289880274188209e-01
1.569607731059179612e+00 -1.343770341064637885e-01
1.583257225203454688e+00 -1.356375095320016821e-01
1.597025416960331956e+00 -1.369105498993017922e-01
1.610913338538262352e+00 -1.381962924033797724e-01
1.624922031121905031e+00 -1.394948759729522370e-01
1.639052544950184931e+00 -1.408064411896769730e-01
1.653305939395024460e+00 -1.421311304078193005e-01
1.667683283040780173e+00 -1.434690876900041878e-01
1.682185653764332933e+00 -1.448204589101937112e-01
1.696814138815910589e+00 -1.461853917091847921e-01
1.711569834900604770e+00 -1.475640355777750323e-01
1.726453848260575574e+00 -1.489565418351775639e-01
1.741467294757998774e+00 -1.503630636893738826e-01
1.756611299958718675e+00 -1.517837562404178997e-01
1.771886999216630842e+00 -1.532187765173390337e-01
1.787295537758811337e+00 -1.546682835073992235e-01
1.802838070771356049e+00 -1.561324381666276961e-01
1.818515763485996306e+00 -1.576114034791796514e-01
1.834329791267465870e+00 -1.591053444377023840e-01
1.850281339701598693e+00 -1.606144281361518433e-01
1.866371604684226249e+00 -1.621388237168186752e-01
1.882601792510832706e+00 -1.636787024998175022e-01
1.898973119966985257e+00 -1.652342378933632505e-01
1.915486814419572692e+00 -1.668056055635434576e-01
1.932144113908801142e+00 -1.683929833045852420e-01
1.948946267241020935e+00 -1.699965512525798694e-01
1.965894534082359035e+00 -1.716164917109188615e-01
1.982990185053138843e+00 -1.732529894131569215e-01
2.000234501823149991e+00 -1.749062312994752733e-01
2.017628777207735258e+00 -1.765764068323411595e-01
2.035174315264708156e+00 -1.782637077199658027e-01
2.052872431392133823e+00 -1.799683282890331137e-01
2.070724452426922824e+00 -1.816904651511445923e-01
2.088731716744320899e+00 -1.834303176375422229e-01
2.106895574358242929e+00 -1.851880874017757805e-01
2.125217387022477755e+00 -1.869639789243039141e-01
2.143698528332801168e+00 -1.887581990441873636e-01
2.162340383829926438e+00 -1.905709575397844524e-01
2.181144351103392331e+00 -1.924024665776087051e-01
2.200111839896353505e+00 -1.942529413677708816e-01
2.219244272211246205e+00 -1.961225995735492722e-01
2.238543082416410090e+00 -1.980116620576189701e-01
2.258009717353623547e+00 -1.999203521049283672e-01
2.277645636446565813e+00 -2.018488963439763473e-01
2.297452311810249448e+00 -2.037975238797745947e-01
2.317431228361361395e+00 -2.057664672522206695e-01
2.337583883929598816e+00 -2.077559615702570528e-01
2.357911789369975253e+00 -2.097662454554807265e-01
2.378416468676066042e+00 -2.117975601960389032e-01
2.399099459094277798e+00 -2.138501506712700284e-01
2.419962311239093111e+00 -2.159242645290516127e-01
2.441006589209318900e+00 -2.180201530881731575e-01
2.462233870705360594e+00 -2.201380705426689288e-01
2.483645747147480431e+00 -2.222782748375669581e-01
2.505243823795119784e+00 -2.244410269061465346e-01
2.527029719867257995e+00 -2.266265915116484619e-01
2.549005068663780627e+00 -2.288352365254559262e-01
2.571171517687946828e+00 -2.310672337281032551e-01
2.593530728769898985e+00 -2.333228581332101592e-01
2.616084378191243953e+00 -2.356023887438999931e-01
2.638834156810747622e+00 -2.379061079276829638e-01
2.661781770191068652e+00 -2.402343021207246354e-01
2.684928938726639291e+00 -2.425872612633121483e-01
2.708277397772658635e+00 -2.449652794419580615e-01
2.731828897775168130e+00 -2.473686543948065975e-01
2.755585204402294597e+00 -2.497976880834551217e-01
2.779548098676628776e+00 -2.522526862758178168e-01
2.803719377108734090e+00 -2.547339590403920884e-01
2.828100851831861107e+00 -2.572418204145063281e-01
2.852694350737767781e+00 -2.597765888118128697e-01
2.877501717613779597e+00 -2.623385867871349530e-01
2.902524812281015443e+00 -2.649281413444176114e-01
2.927765510733811194e+00 -2.675455838119324969e-01
2.953225705280389413e+00 -2.701912500372647408e-01
2.978907304684690338e+00 -2.728654803856729316e-01
3.004812234309491625e+00 -2.755686198103868279e-01
3.030942436260768424e+00 -2.783010179848809384e-01
3.057299869533263159e+00 -2.810630292378428763e-01
3.083886510157373806e+00 -2.838550128324706656e-01
3.110704351347290508e+00 -2.866773327497020296e-01
3.137755403650424935e+00 -2.895303581331190590e-01
3.165041695098162133e+00 -2.924144629021164787e-01
3.192565271357871826e+00 -2.953300263798395719e-01
3.220328195886288825e+00 -2.982774327201076492e-01
3.248332550084226167e+00 -3.012570717341112037e-01
3.276580433452589869e+00 -3.042693381139821573e-01
3.305073963749798338e+00 -3.073146324788624817e-01
3.333815277150545153e+00 -3.103933603729898127e-01
3.362806528405949180e+00 -3.135059335525869351e-01
3.392049891005114670e+00 -3.166527687373686395e-01
3.421547557338044943e+00 -3.198342891607744432e-01
3.451301738860029111e+00 -3.230509230522715103e-01
3.481314666257447676e+00 -3.263031054729463865e-01
3.511588589614976108e+00 -3.295912765054482829e-01
3.542125778584297446e+00 -3.329158834021614388e-01
3.572928522554255526e+00 -3.362773784527249288e-01
3.603999130822480801e+00 -3.396762214753911158e-01
3.635339932768549165e+00 -3.431128773261914455e-01
3.666953278028577845e+00 -3.465878187589984671e-01
3.698841536671394703e+00 -3.501015235557725092e-01
3.731007099376249414e+00 -3.536544777625630354e-01
3.763452377611996802e+00 -3.572471725427852629e-01
3.796179803817918419e+00 -3.608801079473979989e-01
3.829191831586074457e+00 -3.645537887626338347e-01
3.862490935845245499e+00 -3.682687290926093260e-01
3.896079613046503631e+00 -3.720254480174168821e-01
3.929960381350334764e+00 -3.758244741188060956e-01
3.964135780815453369e+00 -3.796663412116214054e-01
3.998608373589222609e+00 -3.835515927925614577e-01
4.033380744099734905e+00 -3.874807778675165570e-01
4.068455499249598262e+00 -3.914544552985598780e-01
4.103835268611327969e+00 -3.954731897520255557e-01
4.139522704624516436e+00 -3.995375559222886785e-01
4.175520482794701671e+00 -4.036481346204673359e-01
4.211831301893916191e+00 -4.078055168527486285e-01
4.248457884163038045e+00 -4.120103000762275203e-01
4.285402975515870239e+00 -4.162630921030552877e-01
4.322669345745004499e+00 -4.205645075549425682e-01
4.360259788729495156e+00 -4.249151715586769185e-01
4.398177122644276515e+00 -4.293157164340173915e-01
4.436424190171464943e+00 -4.337667851496778137e-01
4.475003858713499483e+00 -4.382690282741140697e-01
4.513919020608065935e+00 -4.428231071592117485e-01
4.553172593344966934e+00 -4.474296911922188147e-01
4.592767519784842101e+00 -4.520894606660914583e-01
4.632706768379787121e+00 -4.568031043755990672e-01
4.672993333395930371e+00 -4.615713221295414392e-01
4.713630235137867608e+00 -4.663948227373609368e-01
4.754620520175121712e+00 -4.712743261177468335e-01
4.795967261570564411e+00 -4.762105617207094688e-01
4.837673559110767130e+00 -4.812042701863766814e-01
4.879742539538413304e+00 -4.862562022532658235e-01
4.922177356786711755e+00 -4.913671199115721144e-01
4.964981192215838668e+00 -4.965377958586010831e-01
5.008157254851480999e+00 -5.017690140820983968e-01
5.051708781625364963e+00 -5.070615699285636602e-01
5.095639037617954337e+00 -5.124162700536661896e-01
5.139951316303270623e+00 -5.178339331647909827e-01
5.184648939795740930e+00 -5.233153892737631985e-01
5.229735259099306255e+00 -5.288614811859678744e-01
5.275213654358629434e+00 -5.344730629788432275e-01
5.321087535112503097e+00 -5.401510023167045427e-01
5.367360340549500286e+00 -5.458961780727094038e-01
5.414035539765754912e+00 -5.517094835554059440e-01
5.461116632025068363e+00 -5.575918231867701413e-01
5.508607147021295170e+00 -5.635441167299238829e-01
5.556510645142854976e+00 -5.695672949319423584e-01
5.604830717739792689e+00 -5.756623048472209181e-01
5.653570987392920522e+00 -5.818301043455712529e-01
5.702735108185438051e+00 -5.880716686392931658e-01
5.752326765976916612e+00 -5.943879835417184010e-01
5.802349678679563638e+00 -6.007800533157283684e-01
5.852807596536995227e+00 -6.072488925651369218e-01
5.903704302405425430e+00 -6.137955355251767386e-01
5.955043612037161260e+00 -6.204210264624022697e-01
6.006829374366816410e+00 -6.271264305356408775e-01
6.059065471799752522e+00 -6.339128225701979868e-01
6.111755820503183223e+00 -6.407812996340600531e-01
6.164904370699821889e+00 -6.477329679343210023e-01
6.218515106963907080e+00 -6.547689571689638832e-01
6.272592048520081676e+00 -6.618904060692138991e-01
6.327139249544597277e+00 -6.690984787648299736e-01
6.382160799469300372e+00 -6.763943471949211972e-01
6.437660823288251954e+00 -6.837792109479118308e-01
6.493643481866917533e+00 -6.912542763450451044e-01
6.550112972254137134e+00 -6.988207784539151035e-01
6.607073527996830897e+00 -7.064799597738488091e-01
6.664529419457259962e+00 -7.142330919301592695e-01
6.722484954133343571e+00 -7.220814547431729791e-01
6.780944476981463076e+00 -7.300263575040699671e-01
6.839912370742254666e+00 -7.380691185344271377e-01
6.899393056269216729e+00 -7.462110859321861023e-01
6.959390992860079450e+00 -7.544536177374965291e-01
7.019910678591152475e+00 -7.627981020302787574e-01
7.080956650654596451e+00 -7.712459378214597816e-01
7.142533485698441709e+00 -7.797985543835553868e-01
7.204645800169879877e+00 -7.884573929946721016e-01
7.267298250661222703e+00 -7.972239253583232044e-01
7.330495534259057422e+00 -8.060996363596223402e-01
7.394242388896429041e+00 -8.150860414086757988e-01
7.458543593707968711e+00 -8.241846703762956139e-01
7.523403969388227530e+00 -8.333970836941662075e-01
7.588828378553138521e+00 -8.427248576380165224e-01
7.654821726104420243e+00 -8.521695990130694343e-01
7.721388959597496715e+00 -8.617329319669286836e-01
7.788535069612255946e+00 -8.714165110635816447e-01
7.856265090127264372e+00 -8.812220098388101608e-01
7.924584098897197393e+00 -8.911511320367123679e-01
7.993497217833444246e+00 -9.012056021437540032e-01
8.063009613388141261e+00 -9.113871745491941567e-01
8.133126496941560646e+00 -9.216976262973828327e-01
8.203853125192644313e+00 -9.321387639265338310e-01
8.275194800553320462e+00 -9.427124187000203159e-01
8.347156871545855950e+00 -9.534204508458481442e-01
8.419744733203893716e+00 -9.642647475600562013e-01
8.492963827476991412e+00 -9.752472243423709886e-01
8.566819643638432069e+00 -9.863698260886597513e-01
8.641317718696983619e+00 -9.976345251936086234e-01
8.716463637811822096e+00 -1.009043326071306312e+00
8.792263034711336189e+00 -1.020598259681786857e+00
8.868721592115521801e+00 -1.032301391830996229e+00
8.945845042161938210e+00 -1.044154813751141164e+00
9.023639166835485170e+00 -1.056160654579429536e+00
9.102109798401953000e+00 -1.068321067565970450e+00
9.181262819845084522e+00 -1.080638247176345823e+00
9.261104165307868286e+00 -1.093114410473946085e+00
9.341639820537226413e+00 -1.105751819302427830e+00
9.422875823332844902e+00 -1.118552756381697044e+00
9.504818263999881722e+00 -1.131519553050180704e+00
9.587473285805454992e+00 -1.144654559562184204e+00
9.670847085439255864e+00 -1.157960178939100082e+00
9.754945913478197284e+00 -1.171438830891927019e+00
9.839776074854816201e+00 -1.185092992372188458e+00
9.925343929330217918e+00 -1.198925154520671610e+00
1.001165589197066552e+01 -1.212937870532240003e+00
1.009871843362859600e+01 -1.227133704995400088e+00
1.018653808142779837e+01 -1.241515289731025540e+00
1.027512141925264899e+01 -1.256085264834364335e+00
1.036447508824175401e+01 -1.270846343212503893e+00
1.045460578728592438e+01 -1.285801241719096044e+00
1.054552027353018495e+01 -1.300952754352040497e+00
1.063722536288061882e+01 -1.316303679231056067e+00
1.072972793051516227e+01 -1.331856902669041220e+00
1.082303491139910712e+01 -1.347615301624463191e+00
1.091715330080508117e+01 -1.363581849335952834e+00
1.101209015483737375e+01 -1.379759509496173875e+00
1.110785259096098443e+01 -1.396151343446120796e+00
1.120444778853531353e+01 -1.412760405080667914e+00
1.130188298935217439e+01 -1.429589846296672517e+00
1.140016549817899616e+01 -1.446642813915007597e+00
1.149930268330625971e+01 -1.463922552884982187e+00
1.159930197709994815e+01 -1.481432305755091550e+00
1.170017087655888055e+01 -1.499175413071487384e+00
1.180191694387650081e+01 -1.517155215986872197e+00
1.190454780700814119e+01 -1.535375153243231150e+00
1.200807116024263621e+01 -1.553838667542756458e+00
1.211249476477927089e+01 -1.572549298469832380e+00
1.221782644930970108e+01 -1.591510593305252019e+00
1.232407411060474445e+01 -1.610726195164107644e+00
1.243124571410646695e+01 -1.630199759015193539e+00
1.253934929452544544e+01 -1.649935034236119868e+00
1.264839295644290118e+01 -1.669935786672992695e+00
1.275838487491860462e+01 -1.690205874745333903e+00
1.286933329610351429e+01 -1.710749178441261398e+00
1.298124653785809635e+01 -1.731569668045128685e+00
1.309413299037598399e+01 -1.752671341032945085e+00
1.320800111681285216e+01 -1.774058282411770326e+00
1.332285945392097837e+01 -1.795734610583640478e+00
1.343871661268933693e+01 -1.817704528169209022e+00
1.355558127898892096e+01 -1.839972278010268969e+00
1.367346221422423724e+01 -1.862542183272563046e+00
1.379236825598991878e+01 -1.885418614832854223e+00
1.391230831873335383e+01 -1.908606019365753692e+00
1.403329139442309703e+01 -1.932108899463372609e+00
1.415532655322284938e+01 -1.955931828291801233e+00
1.427842294417151692e+01 -1.980079443930269356e+00
1.440258979586924504e+01 -2.004556449041507094e+00
1.452783641716898622e+01 -2.029367621043680181e+00
1.465417219787475567e+01 -2.054517795124410018e+00
1.478160660944531735e+01 -2.080011891970516391e+00
1.491014920570435187e+01 -2.105854882339508016e+00
1.503980962355680440e+01 -2.132051834204722329e+00
1.517059758371119571e+01 -2.158607856936530123e+00
1.530252289140847743e+01 -2.185528169899511930e+00
1.543559543715725368e+01 -2.212818024122481742e+00
1.556982519747494464e+01 -2.240482794548030121e+00
1.570522223563616571e+01 -2.268527876906870411e+00
1.584179670242682114e+01 -2.296958805976614837e+00
1.597955883690525880e+01 -2.325781125225441226e+00
1.611851896717000088e+01 -2.355000533609718172e+00
1.625868751113372568e+01 -2.384622725339550886e+00
1.640007497730471897e+01 -2.414653567973534809e+00
1.654269196557438448e+01 -2.445098909438640167e+00
1.668654916801201793e+01 -2.475964790398076154e+00
1.683165736966650883e+01 -2.507257215428764674e+00
1.697802744937471431e+01 -2.538982402864321752e+00
1.712567038057715152e+01 -2.571146516824032613e+00
1.727459723214077769e+01 -2.603755957946835675e+00
1.742481916918851326e+01 -2.636817051553607349e+00
1.757634745393673370e+01 -2.670336381815869853e+00
1.772919344653923801e+01 -2.704320437788991782e+00
1.788336860593906508e+01 -2.738775993502495787e+00
1.803888449072768907e+01 -2.773709708136237850e+00
1.819575276001134156e+01 -2.809128575889318302e+00
1.835398517428522425e+01 -2.845039416175675573e+00
1.851359359631533508e+01 -2.881449408165574155e+00
1.867458999202744607e+01 -2.918365561429612676e+00
1.883698643140467155e+01 -2.955795243195090016e+00
1.900079508939197126e+01 -2.993745657381914338e+00
1.916602824680909123e+01 -3.032224362259613670e+00
1.933269829127131345e+01 -3.071238760294987102e+00
1.950081771811799669e+01 -3.110796603636095448e+00
1.967039913134944840e+01 -3.150905497500185337e+00
1.984145524457197851e+01 -3.191573390603236415e+00
2.001399888195068044e+01 -3.232808095078327781e+00
2.018804297917134605e+01 -3.274617758734787110e+00
2.036360058440987331e+01 -3.317010404755418307e+00
2.054068485931064103e+01 -3.359994382378902689e+00
2.071930907997335680e+01 -3.403577929917071199e+00
2.089948663794813655e+01 -3.447769600150606184e+00
2.108123104123960445e+01 -3.492577850555301122e+00
2.126455591531973965e+01 -3.538011439316772755e+00
2.144947500414896169e+01 -3.584079047018388309e+00
2.163600217120706048e+01 -3.630789638852103263e+00
2.182415140053214131e+01 -3.678152122362152276e+00
2.201393679776914425e+01 -3.726175671038302273e+00
2.220537259122751905e+01 -3.774869423126493650e+00
2.239847313294750819e+01 -3.824242761371331234e+00
2.259325289977665463e+01 -3.874305058330855811e+00
2.278972649445472598e+01 -3.925065906581028496e+00
2.298790864670863598e+01 -3.976534916459236957e+00
2.318781421435687307e+01 -4.028721890529404881e+00
2.338945818442313040e+01 -4.081636680198131195e+00
2.359285567426004349e+01 -4.135289297731069347e+00
2.379802193268269050e+01 -4.189689838682235212e+00
2.400497234111135114e+01 -4.244848524237224474e+00
2.421372241472525388e+01 -4.300775696954151961e+00
2.442428780362527974e+01 -4.357481785599113699e+00
2.463668429400743420e+01 -4.414977382347569090e+00
2.485092780934649070e+01 -4.473273121599754987e+00
2.506703441158949275e+01 -4.532379847470090262e+00
2.528502030236007769e+01 -4.592308397408896958e+00
2.550490182417329521e+01 -4.653069869461065267e+00
2.572669546166031296e+01 -4.714675300825079240e+00
2.595041784280492436e+01 -4.777136045125267572e+00
2.617608574018964518e+01 -4.840463335223319064e+00
2.640371607225334927e+01 -4.904668781574162750e+00
2.663332590455979698e+01 -4.969763807777610509e+00
2.686493245107674710e+01 -5.035760281936254579e+00
2.709855307546668612e+01 -5.102669812558341178e+00
2.733420529238872021e+01 -5.170504525715858613e+00
2.757190676881117852e+01 -5.239276207996470980e+00
2.781167532533676479e+01 -5.308997243258306575e+00
2.805352893753806143e+01 -5.379679588262864520e+00
2.829748573730534034e+01 -5.451335883879973032e+00
2.854356401420608691e+01 -5.523978247984947743e+00
2.879178221685587857e+01 -5.597619577056393680e+00
2.904215895430162320e+01 -5.672272139772276844e+00
2.929471299741691226e+01 -5.747949086120402562e+00
2.954946328030870006e+01 -5.824662809598653901e+00
2.980642890173752946e+01 -5.902426668088907036e+00
3.006562912654883135e+01 -5.981253199512888585e+00
3.032708338711739415e+01 -6.061156090332915802e+00
3.059081128480444178e+01 -6.142147951127207683e+00
3.085683259142657420e+01 -6.224242732357252450e+00
3.112516725073881929e+01 -6.307453154347867574e+00
3.139583537992925244e+01 -6.391793319885278102e+00
3.166885727112737214e+01 -6.477276115149130931e+00
3.194425339292561006e+01 -6.563915779523672889e+00
3.222204439191351355e+01 -6.651725354449511407e+00
3.250225109422581937e+01 -6.740719198347951746e+00
3.278489450710402053e+01 -6.830910495974660712e+00
3.306999582047065189e+01 -6.922313705237463033e+00
3.335757640851873163e+01 -7.014942140841558427e+00
3.364765783131353061e+01 -7.108810338505949566e+00
3.394026183640922767e+01 -7.203931727979595578e+00
3.423541036047944885e+01 -7.300320898842378448e+00
3.453312553096155568e+01 -7.397991379297157444e+00
3.483342966771571270e+01 -7.496957786441400984e+00
3.513634528469847140e+01 -7.597233728569059430e+00
3.544189509164996821e+01 -7.698833821310422820e+00
3.575010199579737247e+01 -7.801771732822690097e+00
3.606098910357155063e+01 -7.906062045516719650e+00
3.637457972233959680e+01 -8.011718465126007160e+00
3.669089736215244812e+01 -8.118755506138480627e+00
3.700996573750700946e+01 -8.227186887431928497e+00
3.733180876912422974e+01 -8.337027017703080745e+00
3.765645058574278181e+01 -8.448289602210454774e+00
3.798391552592718767e+01 -8.560988902640804810e+00
3.831422813989349407e+01 -8.675138581424498341e+00
3.864741319134905240e+01 -8.790752708437258534e+00
3.898349565934934446e+01 -8.907844871459888125e+00
3.932250074017084529e+01 -9.026428899942628092e+00
3.966445384919963857e+01 -9.146518272409311479e+00
4.000938062283700702e+01 -9.268126525280367289e+00
4.035730692042169210e+01 -9.391266990219504507e+00
4.070825882616777136e+01 -9.515952853737088546e+00
4.106226265112126583e+01 -9.642197259936150289e+00
4.141934493513184634e+01 -9.770012983981315458e+00
4.177953244884285766e+01 -9.899412938391581207e+00
4.214285219569861596e+01 -1.003040942080099818e+01
4.250933141396806292e+01 -1.016301506455681825e+01
4.287899757878783902e+01 -1.029724161854146836e+01
4.325187840422135821e+01 -1.043310138563682621e+01
4.362800184533675463e+01 -1.057060548941139544e+01
4.400739610030301208e+01 -1.070976584704785317e+01
4.439008961250343788e+01 -1.085059287463185562e+01
4.477611107266842794e+01 -1.099309804427987736e+01
4.516548942102660646e+01 -1.113729097650344357e+01
4.555825384947370793e+01 -1.128318263458548110e+01
4.595443380376222109e+01 -1.143078174922644230e+01
4.635405898570802208e+01 -1.158009870647230422e+01
4.675715935541748536e+01 -1.173114124645072209e+01
4.716376513353389299e+01 -1.188391910474738644e+01
4.757390680350250989e+01 -1.203843892335142307e+01
4.798761511385627188e+01 -1.219470970907156193e+01
4.840492108052131925e+01 -1.235273689105206785e+01
4.882585598914133129e+01 -1.251252866366526462e+01
4.925045139742427125e+01 -1.267408912113167574e+01
4.967873913750729997e+01 -1.283742555609374314e+01
5.011075131834358842e+01 -1.300254049392686539e+01
5.054652032810982831e+01 -1.316943991959478133e+01
5.098607883663385820e+01 -1.333812495653948105e+01
5.142945979784418142e+01 -1.350860128465538779e+01
5.187669645224093529e+01 -1.368086786992080128e+01
5.232782232938692601e+01 -1.385492883831256350e+01
5.278287125042263028e+01 -1.403078162168136167e+01
5.324187733060079353e+01 -1.420842863050192939e+01
5.370487498184441932e+01 -1.438786564305642734e+01
5.417189891532695611e+01 -1.456909319610137743e+01
5.464298414407402049e+01 -1.475210527951963968e+01
5.511816598558862523e+01 -1.493690038893658567e+01
5.559748006449934365e+01 -1.512347058368767172e+01
5.608096231523006736e+01 -1.531181214137658841e+01
5.656864898469534353e+01 -1.550191504105405294e+01
5.706057663501677979e+01 -1.569377315570851295e+01
5.755678214626450995e+01 -1.588737422662539700e+01
5.805730271922253394e+01 -1.608270952561516154e+01
5.856217587817650383e+01 -1.627976439077336224e+01
5.907143947372845361e+01 -1.647852728611465523e+01
5.958513168563329288e+01 -1.667898097294864712e+01
6.010329102566157644e+01 -1.688111089059775338e+01
6.062595634048708604e+01 -1.708489704180500013e+01
6.115316681459853498e+01 -1.729032161389632805e+01
6.168496197323761976e+01 -1.749736166091020451e+01
6.222138168536258007e+01 -1.770599588046368567e+01
6.276246616663609501e+01 -1.791619817930887137e+01
6.330825598244176433e+01 -1.812794351721974451e+01
6.385879205092408029e+01 -1.834120244661436416e+01
6.441411564605658668e+01 -1.855594593095919720e+01
6.497426840073649146e+01 -1.877214095282270989e+01
6.553929230990527799e+01 -1.898975421063086344e+01
6.610922973369734734e+01 -1.920874889326656998e+01
6.668412340061632904e+01 -1.942908715541551246e+01
6.726401641073715609e+01 -1.965072816005956113e+01
6.784895223893889238e+01 -1.987362922986633507e+01
6.843897473816286947e+01 -2.009774526156147090e+01
6.903412814270068054e+01 -2.032302844831535182e+01
6.963445707151096542e+01 -2.054942917237412559e+01
7.024000653156376472e+01 -2.077689419125911385e+01
7.085082192121492994e+01 -2.100536911696403308e+01
7.146694903361039053e+01 -2.123479495730435929e+01
7.208843406011776267e+01 -2.146511229096791240e+01
7.271532359379109778e+01 -2.169625605500993970e+01
7.334766463286266003e+01 -2.192816152502247107e+01
7.398550458426687726e+01 -2.216075724023961513e+01
7.462889126719494470e+01 -2.239397289716428219e+01
7.527787291667887359e+01 -2.262773030527953466e+01
7.593249818720829580e+01 -2.286195330062066944e+01
7.659281615637854657e+01 -2.309655662759074346e+01
7.725887632856854736e+01 -2.333145797555501844e+01
7.793072863865411648e+01 -2.356656468679994632e+01
7.860842345575011336e+01 -2.380178801401949684e+01
7.929201158698714380e+01 -2.403702756049489508e+01
7.998154428132120586e+01 -2.427218784943560692e+01
8.067707323337427283e+01 -2.450716041038155879e+01
8.137865058731181023e+01 -2.474184274273483908e+01
8.208632894075051922e+01 -2.497611797224177366e+01
8.280016134870251676e+01 -2.520987627977624612e+01
8.352020132755225745e+01 -2.544299196385664530e+01
8.424650285906935210e+01 -2.567534729222467504e+01
8.497912039445486698e+01 -2.590680754560215249e+01
8.571810885842431560e+01 -2.613724733872591344e+01
8.646352365332468537e+01 -2.636652257995968185e+01
8.721542066328862575e+01 -2.659450075706852701e+01
8.797385625842349555e+01 -2.682102781357073340e+01
8.873888729903806905e+01 -2.704596168594809313e+01
8.951057113990478342e+01 -2.726913953747107300e+01
9.028896563456022761e+01 -2.749040945938292069e+01
9.107412913964189727e+01 -2.770959961958836715e+01
9.186612051926378797e+01 -2.792654799174785651e+01
9.266499914942886562e+01 -2.814107355271685407e+01
9.347082492248117092e+01 -2.835300391242660822e+01
9.428365825159531255e+01 -2.856214868362991055e+01
9.510356007530626243e+01 -2.876832489751555499e+01
9.593059186207743494e+01 -2.897133265576310635e+01
9.676481561490957972e+01 -2.917097823230430720e+01
9.760629387598849860e+01 -2.936705210045528958e+01
9.845508973137457076e+01 -2.955934964071726512e+01
9.931126681573165627e+01 -2.974765161431630744e+01
1.001748893170985610e+02 -2.993174242061424550e+01
1.010460219817004202e+02 -3.011139306266178650e+01
1.019247301188036374e+02 -3.028637692618593746e+01
1.028110796056112406e+02 -3.045645525180448132e+01
1.037051368922026455e+02 -3.062139044140755928e+01
1.046069690065146176e+02 -3.078093401509561744e+01
1.055166435593671110e+02 -3.093483749063033628e+01
1.064342287495315134e+02 -3.108284276024034654e+01
1.073597933688437251e+02 -3.122469063507184472e+01
1.082934068073619187e+02 -3.136011352742950464e+01
1.092351390585679951e+02 -3.148884180563572954e+01
1.101850607246158518e+02 -3.161059861002511440e+01
1.111432430216235758e+02 -3.172510422482334036e+01
1.121097577850135281e+02 -3.183207279108168208e+01
1.130846774748969068e+02 -3.193121497181059709e+01
1.140680751815070693e+02 -3.202223625080119263e+01
1.150600246306781713e+02 -3.210483824620841631e+01
1.160606001893734174e+02 -3.217871820062356392e+01
1.170698768712594244e+02 -3.224356938690572605e+01
1.180879303423310205e+02 -3.229908130086431584e+01
1.191148369265829103e+02 -3.234493970264253448e+01
1.201506736117328131e+02 -3.238082691841721328e+01
1.211955180549922630e+02 -3.240642217113809664e+01
1.222494485888894360e+02 -3.242140128101020480e+01
1.233125442271410606e+02 -3.242543806227482861e+01
1.243848846705769375e+02 -3.241820258299986790e+01
1.254665503131141691e+02 -3.239936453995704824e+01
1.265576222477853605e+02 -3.236858909608127988e+01
1.276581822728172142e+02 -3.232554329434825036e+01
1.287683128977639910e+02 -3.226988833523791556e+01
1.298880973496921740e+02 -3.220129025331693384e+01
1.310176195794213072e+02 -3.211940732672096743e+01
1.321569642678165053e+02 -3.202390641753552103e+01
1.333062168321383183e+02 -3.191444401999053326e+01
1.344654634324452900e+02 -3.179068985830351224e+01
1.356347909780545535e+02 -3.165229987961096469e+01
1.368142871340564284e+02 -3.149894891084784376e+01
1.380040403278876511e+02 -3.133029368609067689e+01
1.392041397559599716e+02 -3.114601658777862170e+01
1.404146753903480942e+02 -3.094577656598706383e+01
1.416357379855340355e+02 -3.072926710714111920e+01
1.428674190852119921e+02 -3.049615352114430067e+01
1.441098110291504781e+02 -3.024614123580064273e+01
1.453630069601159960e+02 -2.997889576123798605e+01
1.466271008308551700e+02 -2.969414141674347007e+01
1.479021874111387831e+02 -2.939155036602927140e+01
1.491883622948671757e+02 -2.907086522622302027e+01
1.504857219072359555e+02 -2.873177106831456484e+01
1.517943635119661963e+02 -2.837402893336199128e+01
1.531143852185951459e+02 -2.799733981019740270e+01
1.544458859898328171e+02 -2.760148567258059771e+01
1.557889656489800529e+02 -2.718618662329926039e+01
1.571437248874133843e+02 -2.675124814408777496e+01
1.585102652721330685e+02 -2.629641282552544368e+01
1.598886892533782884e+02 -2.582151228213178129e+01
1.612791001723072384e+02 -2.532631513342663254e+01
1.626816022687455643e+02 -2.481068178133557467e+01
1.640963006890001452e+02 -2.427441056927163743e+01
1.655233014937430767e+02 -2.371739334892257745e+01
1.669627116659620754e+02 -2.313946201975041461e+01
1.684146391189820804e+02 -2.254054252832538552e+01
1.698791927045545265e+02 -2.192050427942965385e+01
1.713564822210190925e+02 -2.127930991514585202e+01
1.728466184215341741e+02 -2.061687038839013297e+01
1.743497130223813087e+02 -1.993318756275121473e+01
1.758658787113393771e+02 -1.922821804846908833e+01
1.773952291561341781e+02 -1.850200534961156862e+01
1.789378790129587742e+02 -1.775455587827682180e+01
1.804939439350707175e+02 -1.698595705626650698e+01
1.820635405814612113e+02 -1.619626924267787160e+01
1.836467866256025729e+02 -1.538562587569413864e+01
1.852438007642688262e+02 -1.455414536869584552e+01
1.868547027264357894e+02 -1.370200905774842504e+01
1.884796132822559400e+02 -1.282939743767287055e+01
1.901186542521139700e+02 -1.193654136675039368e+01
1.917719485157583108e+02 -1.102368732251325589e+01
1.934396200215148838e+02 -1.009111701159532792e+01
1.951217937955781565e+02 -9.139146620498339146e+00
1.968185959513859302e+02 -8.168109690641680132e+00
1.985301536990725424e+02 -7.178395616567509130e+00
2.002565953550074482e+02 -6.170390379732737962e+00
2.019980503514139230e+02 -5.144559799749947260e+00
2.037546492460729723e+02 -4.101342481411085039e+00
2.055265237321121958e+02 -3.041283547291298461e+00
2.073138066478773283e+02 -1.964873947506530438e+00
2.091166319868928554e+02 -8.727405876153565556e-01
2.109351349079059617e+02 2.345740134451954895e-01
2.127694517450210867e+02 1.356359144798214178e+00
2.146197200179193203e+02 2.492022027886076074e+00
2.164860784421698838e+02 3.640766641950366811e+00
2.183686669396282980e+02 4.801951821027357070e+00
2.202676266489276600e+02 5.974695307308941494e+00
2.221830999360587100e+02 7.158310008247588563e+00
2.241152304050442581e+02 8.351827137391531153e+00
2.260641629087039917e+02 9.554516744912371351e+00
2.280300435595154909e+02 1.076532391559775981e+01
2.300130197405670458e+02 1.198347953344687511e+01
2.320132401166083298e+02 1.320784369829946137e+01
2.340308546451945801e+02 1.443761244668266031e+01
2.360660145879302547e+02 1.567156184742704639e+01
2.381188725218079867e+02 1.690885510106773992e+01
2.401895823506485783e+02 1.814818017221348967e+01
2.422782993166379697e+02 1.938865437131859792e+01
2.443851800119671509e+02 2.062890447072482303e+01
2.465103823905705838e+02 2.186810201413685206e+01
2.486540657799695566e+02 2.310476647801481320e+01
2.508163908932155266e+02 2.433801903833331437e+01
2.529975198409402992e+02 2.556635273363085759e+01
2.551976161435082702e+02 2.678884310243808997e+01
2.574168447432768971e+02 2.800396549522337608e+01
2.596553720169610529e+02 2.921075527776106284e+01
2.619133657881080239e+02 3.040767948821370581e+01
2.641909953396776700e+02 3.159373950749657212e+01
2.664884314267351897e+02 3.276740399520438274e+01
2.688058462892512352e+02 3.392764723665916193e+01
2.711434136650163964e+02 3.507294992369525488e+01
2.735013088026648802e+02 3.620226680416703147e+01
2.758797084748142083e+02 3.731410139647924495e+01
2.782787909913171802e+02 3.840739709419480619e+01
2.806987362126300809e+02 3.948069131451214986e+01
2.831397255632973042e+02 4.053292484979473898e+01
2.856019420455519935e+02 4.156268024933910965e+01
2.880855702530370763e+02 4.256890496081978625e+01
2.905907963846424309e+02 4.355023793279442401e+01
2.931178082584669369e+02 4.450564295092643619e+01
2.956667953258963166e+02 4.543382652802629451e+01
2.982379486858091013e+02 4.633377880850191843e+01
3.008314610989018547e+02 4.720428478908430492e+01
3.034475270021407027e+02 4.804437123411506150e+01
3.060863425233386579e+02 4.885291214990700581e+01
3.087481054958589652e+02 4.962898131568660887e+01
3.114330154734486200e+02 5.037155172739122833e+01
3.141412737451959174e+02 5.107975459349102465e+01
3.168730833506235740e+02 5.175267118140620681e+01
3.196286490949092922e+02 5.238950044206130485e+01
3.224081775642424645e+02 5.298944034712092588e+01
3.252118771413086620e+02 5.355176767677440353e+01
3.280399580209144688e+02 5.407580454432479655e+01
3.308926322257447055e+02 5.456091529136570273e+01
3.337701136222604532e+02 5.500655247553486049e+01
3.366726179367286136e+02 5.541217724820167945e+01
3.396003627713982951e+02 5.577737765046217788e+01
3.425535676208124301e+02 5.610172027982441278e+01
3.455324538882664456e+02 5.638493232003987288e+01
3.485372449024029606e+02 5.662669371422828846e+01
3.515681659339576299e+02 5.682687296769554308e+01
3.546254442126463005e+02 5.698527041236449975e+01
3.577093089442032010e+02 5.710189649103125475e+01
3.608199913275607287e+02 5.717667799961883901e+01
3.639577245721851568e+02 5.720976630976860378e+01
3.671227439155592265e+02 5.720121968665480949e+01
3.703152866408203181e+02 5.715132775822310407e+01
3.735355920945463026e+02 5.706028410418826269e+01
3.767839017047018615e+02 5.692851225782835201e+01
3.800604589987373743e+02 5.675634372270894801e+01
3.833655096218462859e+02 5.654432991876967662e+01
3.866993013553837386e+02 5.629294158639998358e+01
3.900620841354383970e+02 5.600285038370344637e+01
3.934541100715738935e+02 5.567466626130804030e+01
3.968756334657272191e+02 5.530917190174277209e+01
4.003269108312773596e+02 5.490711596736864664e+01
4.038082009122716727e+02 5.446938414301559561e+01
4.073197647028272286e+02 5.399686085056433171e+01
4.108618654666957468e+02 5.349052050124399926e+01
4.144347687570040648e+02 5.295137894526644118e+01
4.180387424361580884e+02 5.238047509949986846e+01
4.216740566959273906e+02 5.177895490610498541e+01
4.253409840777005684e+02 5.114792120475004111e+01
4.290397994929203946e+02 5.048863151052228204e+01
4.327707802436898987e+02 4.980224532665727821e+01
4.365342060435644953e+02 4.909011597939777971e+01
4.403303590385211237e+02 4.835345164060622380e+01
4.441595238281137199e+02 4.759368473021054058e+01
4.480219874868050169e+02 4.681206346309872401e+01
4.519180395854922949e+02 4.601008190533156039e+01
4.558479722132144616e+02 4.518901917522487821e+01
4.598120799990537080e+02 4.435041304639335635e+01
4.638106601342191766e+02 4.349556401340112899e+01
4.678440123943304343e+02 4.262603537674164755e+01
4.719124391618906316e+02 4.174313922659815290e+01
4.760162454489591823e+02 4.084844622123684132e+01
4.801557389200139596e+02 3.994327015145856308e+01
4.843312299150205149e+02 3.902917113035684338e+01
4.885430314726960432e+02 3.810745478171038769e+01
4.927914593539823045e+02 3.717965328660996249e+01
4.970768320657128356e+02 3.624705440302960824e+01
5.013994708844949741e+02 3.531114575063826777e+01
5.057596998807948694e+02 3.437318783037123637e+01
5.101578459432356567e+02 3.343460805599026742e+01
5.145942388031005521e+02 3.249663072075137649e+01
5.190692110590553057e+02 3.156060858280589798e+01
5.235830982020834199e+02 3.062772134256896095e+01
5.281362386406361793e+02 2.969923403539726436e+01
5.327289737260078937e+02 2.877627406336680238e+01
5.373616477779212346e+02 2.786000721690324156e+01
5.420346081103443794e+02 2.695150167530425023e+01
5.467482050575281392e+02 2.605181414069405932e+01
5.515027920002740984e+02 2.516194751269602392e+01
5.562987253924223978e+02 2.428284134360582414e+01
5.611363647875781453e+02 2.341542813415105684e+01
5.660160728660669065e+02 2.256052407727746356e+01
5.709382154621275731e+02 2.171898714553567444e+01
5.759031615913339692e+02 2.089150585171074681e+01
5.809112834782640675e+02 2.007886053466612353e+01
5.859629565844031731e+02 1.928160959749748926e+01
5.910585596362976730e+02 1.850045367832327869e+01
5.961984746539416165e+02 1.773582050156246837e+01
6.013830869794205682e+02 1.698832997187390603e+01
6.066127853057994344e+02 1.625828036339767735e+01
6.118879617062674470e+02 1.554621082614841043e+01
6.172090116635251889e+02 1.485229311661124285e+01
6.225763340994383270e+02 1.417698658016330349e+01
6.279903314049436176e+02 1.352034097149161163e+01
6.334514094702195734e+02 1.288273769576041516e+01
6.389599777151108810e+02 1.226411045970273683e+01
6.445164491198260066e+02 1.166476543568093938e+01
6.501212402558975327e+02 1.108452750835190415e+01
6.557747713174165938e+02 1.052363108345000597e+01
6.614774661525282227e+02 9.981800538935555522e+00
6.672297522952118243e+02 9.459202644242575175e+00
6.730320609973317687e+02 8.955470480957343327e+00
6.788848272609733385e+02 8.470715320347247612e+00
6.847884898710477728e+02 8.004511089162528847e+00
6.907434914281923284e+02 7.556896664634301430e+00
6.967502783819512615e+02 7.127317536422050459e+00
7.028093010642495528e+02 6.715788149634900783e+00
7.089210137231488034e+02 6.321714986963565153e+00
7.150858745569062194e+02 5.945040365266743621e+00
7.213043457483254315e+02 5.585157540471088033e+00
7.275768934994047186e+02 5.241933896487935840e+00
7.339039880662941187e+02 4.914755898285718239e+00
7.402861037945423277e+02 4.603426110969889073e+00
7.467237191546649910e+02 4.307330311837442416e+00
7.532173167780119911e+02 4.026216297269896494e+00
7.597673834929564691e+02 3.759474850293115011e+00
7.663744103613845482e+02 3.506808819185398107e+00
7.730388927155158854e+02 3.267619211060598605e+00
7.797613301950362938e+02 3.041573369517094783e+00
7.865422267845614215e+02 2.828087217027918321e+00
7.933820908514123857e+02 2.626801530786722960e+00
8.002814351837338336e+02 2.437151274331613937e+00
8.072407770289356677e+02 2.258758984828960870e+00
8.142606381324761742e+02 2.067366454740573456e+00
8.213415447769694993e+02 1.842019535631189031e+00
8.284840278216473735e+02 1.697685978220978553e+00
8.356886227421539388e+02 1.648073795349475068e+00
8.429558696706978935e+02 1.518883167035589343e+00
8.502863134365366022e+02 1.398232622351615939e+00
8.576805036068282106e+02 1.285662645667996262e+00
8.651389945278307323e+02 1.180791337748414271e+00
8.726623453664670933e+02 1.083189957673271087e+00
8.802511201522368083e+02 9.924886193104915932e-01
8.879058878195089619e+02 9.082900115398604424e-01
8.956272222501704618e+02 8.302398889402107240e-01
9.034157023166580984e+02 7.579725374559356244e-01
9.112719119253472400e+02 6.911522091485534647e-01
9.191964400603330887e+02 6.294445138920806704e-01
9.271898808275849433e+02 5.725343325420887419e-01
9.352528334994922261e+02 5.201179372419927338e-01
9.433859025597828349e+02 4.719022993236716146e-01
9.515896977488488346e+02 4.276133576611954035e-01
9.598648341094543639e+02 3.828467164775374854e-01
9.682119320328533831e+02 3.337714697297722299e-01
9.766316173052905469e+02 3.002729905312038761e-01
9.851245211549228316e+02 2.845904989590006817e-01
9.936912802991423632e+02 2.562002633035881383e-01
1.002332536992308405e+03 2.303381485529520378e-01
1.011048939073905785e+03 2.068030389656163592e-01
1.019841140017102589e+03 1.834850215081893221e-01
1.028709798977748505e+03 1.585225078292519796e-01
1.037655580843788357e+03 1.396696291734676743e-01
1.046679156285116505e+03 1.265824647946510451e-01
1.055781201803846670e+03 1.112099897247490338e-01
1.064962399785036268e+03 9.942932596846260074e-02
1.074223438547842079e+03 8.386585451982472850e-02
1.083565012397131568e+03 7.506676662092912067e-02
1.092987821675522810e+03 6.834066927695242599e-02
1.102492572815898484e+03 6.069495050094451255e-02
1.112079978394362570e+03 5.169142249598122213e-02
1.121750757183671340e+03 4.563032910881268528e-02
1.131505634207108187e+03 4.022070991635953024e-02
1.141345340792845718e+03 3.540070276368825070e-02
1.151270614628770772e+03 3.110935390988633226e-02
1.161282199817797846e+03 2.729491292552174708e-02
1.171380846933641806e+03 2.391215355205370333e-02
1.181567313077097197e+03 2.091704301984388323e-02
1.191842361932793892e+03 1.826637654916045406e-02
1.202206763826460701e+03 1.592627115598695478e-02
1.212661295782663046e+03 1.386440525146755837e-02
1.223206741583065877e+03 1.205019413002491810e-02
1.233843891825189985e+03 1.045537081210845543e-02
1.244573543981691728e+03 9.056925175321578828e-03
1.255396502460137754e+03 7.832937636442563467e-03
1.266313578663319504e+03 6.762832218132373147e-03
1.277325591050081584e+03 5.828745177257860927e-03
1.288433365196689010e+03 5.015337126652879077e-03
1.299637733858709225e+03 4.308282716710379497e-03
1.310939537033453234e+03 3.694194409781677377e-03
1.322339622022943786e+03 3.162068258967488162e-03
1.333838843497451307e+03 2.701967612538071911e-03
1.345438063559551438e+03 2.304798968107637288e-03
1.357138151808767816e+03 1.962301667593971052e-03
1.368939985406764663e+03 1.667718784787247882e-03
1.380844449143105066e+03 1.414855492441715679e-03
1.392852435501594073e+03 1.198113104488775053e-03
1.404964844727173613e+03 1.012628870606713900e-03
1.417182584893424519e+03 8.542931990510161224e-04
1.429506571970640152e+03 7.193991483114583986e-04
1.441937729894507811e+03 6.046145646895476804e-04
1.454476990635359925e+03 5.071573762216479613e-04
1.467125294268056223e+03 4.246088462505558884e-04
1.479883589042455924e+03 3.548218695018982806e-04
1.492752831454518400e+03 2.958910701961132484e-04
1.505733986317997051e+03 2.462628778810132396e-04
1.518828026836782556e+03 2.045598891953873154e-04
1.532035934677857995e+03 1.695772171211399617e-04
1.545358700044907437e+03 1.402808188039784282e-04
1.558797321752535254e+03 1.158114256088306016e-04
1.572352807301156417e+03 9.541803833165189903e-05
1.586026172952527759e+03 7.844803063095838686e-05
1.599818443805945890e+03 6.435784623959504781e-05
1.613730653875082908e+03 5.268895430922602399e-05
1.627763846165519453e+03 4.304615731544138199e-05
1.641919072752933289e+03 3.508848799953738625e-05
1.656197394861984094e+03 2.853993507067238710e-05
1.670599882945858326e+03 2.316379866778325346e-05
1.685127616766533038e+03 1.875914011884722071e-05
1.699781685475719087e+03 1.515685465641692353e-05
1.714563187696528757e+03 1.221905609189022284e-05
1.729473231605821866e+03 9.828863967535232793e-06
1.744512935017297423e+03 7.887875625538891142e-06
1.759683425465291066e+03 6.315245609517297282e-06
1.774985840289320549e+03 5.044586608651878747e-06
1.790421326719332228e+03 4.020368079897925665e-06
1.805991041961722431e+03 3.196226881857147357e-06
1.821696153286088474e+03 2.534938643061684924e-06
1.837537838112750478e+03 2.005722545687598540e-06
1.853517284101006453e+03 1.583187517207916807e-06
1.869635689238181612e+03 1.246486982346933099e-06
1.885894261929441655e+03 9.789869642412506587e-07
1.902294221088382074e+03 7.670173485630308042e-07
1.918836796228425555e+03 5.994236913616555387e-07
1.935523227554977893e+03 4.672320648097982310e-07
1.952354766058421546e+03 3.632738383168949265e-07
1.969332673607895231e+03 2.817341296313294608e-07
1.986458223045911154e+03 2.179128189590235163e-07
2.003732698283759873e+03 1.681027953745634525e-07
2.021157394397779626e+03 1.293410330513606705e-07
2.038733617726441935e+03 9.925624532902382148e-08
2.056462685968302139e+03 7.595637303926001528e-08
2.074345928280767112e+03 5.796905259459810829e-08
2.092384685379758139e+03 4.412243857016292080e-08
2.110580309640215546e+03 3.349056923072748360e-08
2.128934165197503262e+03 2.534790346764073124e-08
2.147447628049656032e+03 1.913162444718706885e-08
2.166122086160554773e+03 1.439971616068371714e-08
2.184958939563972763e+03 1.080663264498660715e-08
2.203959600468554527e+03 8.086422022014751185e-09
2.223125493363666919e+03 6.033595375482637660e-09
2.242458055126207000e+03 4.488967985510897019e-09
2.261958735128320313e+03 3.329535660165457799e-09
2.281628995346073680e+03 2.462223337974680729e-09
2.301470310469041124e+03 1.815442438791986262e-09
2.321484168010872963e+03 1.334519710760868034e-09
2.341672068420811229e+03 9.779164198609476782e-10
2.362035525196192793e+03 7.144050704768637058e-10
2.382576064995895649e+03 5.203009388329391477e-10
2.403295227754805182e+03 3.777332977156212779e-10
2.424194566799259974e+03 2.733492201046786535e-10
2.445275648963519870e+03 1.971852946496674242e-10
2.466540054707209038e+03 1.417924416759795343e-10
2.487989378233816296e+03 1.016205562098016362e-10
2.509625227610210914e+03 7.259094467935998009e-11
2.531449224887213404e+03 5.168456084053800106e-11
2.553463006221176329e+03 3.667753191651123246e-11
2.575668221996666489e+03 2.593841799819531578e-11
2.598066536950188038e+03 1.828169900377833705e-11
2.620659630294986982e+03 1.284157178356056930e-11
2.643449195846959810e+03 8.989035583887298886e-12
2.666436942151612129e+03 6.270075127074375398e-12
2.689624592612166907e+03 4.358271635761881390e-12
2.713013885618760469e+03 3.018798018417953110e-12
2.736606574678789912e+03 2.083415751576371172e-12
2.760404428548345095e+03 1.432662323524616148e-12
2.784409231364832522e+03 9.816187083632601394e-13
2.808622782780721991e+03 6.701329506389934685e-13
2.833046898098491056e+03 4.557649498697940760e-13
2.857683408406684521e+03 3.088174449991807359e-13
2.882534160717216309e+03 2.084682600879098813e-13
2.907601018103827300e+03 1.401935516945936724e-13
2.932885859841783713e+03 9.391406812980598947e-14
2.958390581548736463e+03 6.267012356041744879e-14
2.984117095326855633e+03 4.165933411583214737e-14
3.010067329906172290e+03 2.758295439934018635e-14
3.036243230789198151e+03 1.819014798519029251e-14
3.062646760396748050e+03 1.194822214082090792e-14
3.089279898215085268e+03 7.816868595478298798e-15
3.116144640944314233e+03 5.092911283334339057e-15
3.143243002648094716e+03 3.304591764965934225e-15
3.170577014904606585e+03 2.135413298856428499e-15
3.198148726958878342e+03 1.374156970166155782e-15
3.225960205876408963e+03 8.805202770007323068e-16
3.254013536698161715e+03 5.618249016943312605e-16
3.282310822596842627e+03 3.569556526016224720e-16
3.310854185034605507e+03 2.258087624983420520e-16
3.339645763922078459e+03 1.422198618495692660e-16
3.368687717778826936e+03 8.918194665942854359e-17
3.397982223895138304e+03 5.567792728407894936e-17
3.427531478495279316e+03 3.460343355141491868e-17
3.457337696902141033e+03 2.140891515335358059e-17
3.487403113703320287e+03 1.318567622380903400e-17
3.517729982918667702e+03 8.083954301498455251e-18
3.548320578169238615e+03 4.932994688382468087e-18
3.579177192847772858e+03 2.996203512054879429e-18
3.610302140290616990e+03 1.811329217880936323e-18
3.641697753951182221e+03 1.089821190954990948e-18
3.673366387574848432e+03 6.525519478849194853e-19
3.705310415375447974e+03 3.888486912096793343e-19
3.737532232213250609e+03 2.305914148787110027e-19
3.770034253774535046e+03 1.360656935578064810e-19
3.802818916752652967e+03 7.989033385933972965e-20
3.835888679030732874e+03 4.667393943546015376e-20
3.869246019865942344e+03 2.713148807406069141e-20
3.902893440075379658e+03 1.569048544026604324e-20
3.936833462223525657e+03 9.027557014463446661e-21
3.971068630811384082e+03 5.167316281094201173e-21
4.005601512467234443e+03 2.942328629535881506e-21
4.040434696139079279e+03 1.666515957878428841e-21
4.075570793288697587e+03 9.389085301925169665e-22
4.111012438087455848e+03 5.261657294713788301e-22
4.146762287613776607e+03 2.932636729858099894e-22
4.182823022052375563e+03 1.625606910779913142e-22
4.219197344895145761e+03 8.961696234158688200e-23
4.255887983143873498e+03 4.913251697329200806e-23
4.292897687514667268e+03 2.678488995885410823e-23
4.330229232644210242e+03 1.451974901155482049e-23
4.367885417297731692e+03 7.826444292130387442e-24
4.405869064578858342e+03 4.194499004139958231e-24
4.444183022141254696e+03 2.234897156263998843e-24
4.482830162402141468e+03 1.183858100708884999e-24
4.521813382757593899e+03 6.234399593594482994e-25
4.561135605799790937e+03 3.263610382440165645e-25
4.600799779536114329e+03 1.698180327781572472e-25
4.640808877610189484e+03 8.783102383269367312e-26
4.681165899524771703e+03 4.515222976197685275e-26
4.721873870866655125e+03 2.306797358609556324e-26
4.762935843533496154e+03 1.171233365167233569e-26
4.804354895962600494e+03 5.909713079195629913e-27
4.846134133361757449e+03 2.963163765383828172e-27
4.888276687941983255e+03 1.476230164688093313e-27
4.930785719152379897e+03 7.307412025007489980e-28
4.973664413916981175e+03 3.593934638157742118e-28
5.016915986873717884e+03 1.756039862324177146e-28
5.060543680615361154e+03 8.523494202690776008e-29
5.104550765932665854e+03 4.109763956315553619e-29
5.148940542059555810e+03 1.968427097770927515e-29
5.193716336920511822e+03 9.363973808756323541e-30
5.238881507380011499e+03 4.424176975926623217e-30
5.284439439494232829e+03 2.075974534013167117e-30
5.330393548764883235e+03 9.674060226805090250e-31
5.376747280395310554e+03 4.476386097460410889e-31
5.423504109548728593e+03 2.056737500669115788e-31
5.470667541608788270e+03 9.383091160890343740e-32
5.518241112442358826e+03 4.250047555814267255e-32
5.566228388664659178e+03 1.911052271140559268e-32
5.614632967906583872e+03 8.530580205688919195e-33
5.663458479084459213e+03 3.780042436834752534e-33
5.712708582672088596e+03 1.662525194066357424e-33
5.762386970975216173e+03 7.257236527164870363e-34
5.812497368408282455e+03 3.144074717494427104e-34
5.863043531773686482e+03 1.351807535944346802e-34
5.914029250543414491e+03 5.767197681083512931e-35
5.965458347143179708e+03 2.441413976158546455e-35
6.017334677238926815e+03 1.025473549904161376e-35
6.069662130025942133e+03 4.273492802998619073e-36
6.122444628520397600e+03 1.766673440295899693e-36
6.175686129853512284e+03 7.245022367275440328e-37
6.229390625568152245e+03 2.947237063772765057e-37
6.283562141918122506e+03 1.189131467718955914e-37
6.338204740169994693e+03 4.758248053129154050e-38
6.393322516907629506e+03 1.888227254150282133e-38
6.448919604339227590e+03 7.430764605853872644e-39
6.505000170607176187e+03 2.899402672869911602e-39
6.561568420100514231e+03 1.121692929992016707e-39
6.618628593770138650e+03 4.302346868859644956e-40
6.676184969446788273e+03 1.635968162020125656e-40
6.734241862161687095e+03 6.166142733187483956e-41
6.792803624470094292e+03 2.303636794320244097e-41
6.851874646777590897e+03 8.530087442485391432e-42
6.911459357669277779e+03 3.130301847991336481e-42
6.971562224241717558e+03 1.138312274308338503e-42
7.032187752437888776e+03 4.101718480479367181e-43
7.093340487384964945e+03 1.464469068047662921e-43
7.155025013735121320e+03 5.179970774908338122e-44
7.217245956009172914e+03 1.815071848265809084e-44
7.280007978943325725e+03 6.300176490603973500e-45
7.343315787838870165e+03 2.166096390323290584e-45
7.407174128914989524e+03 7.375510863799607640e-46
7.471587789664509728e+03 2.487055878897809400e-46
7.536561599212876899e+03 8.304834143245815085e-47
7.602100428680164441e+03 2.745917109783229870e-47
7.668209191546323382e+03 8.988579462371198992e-48
7.734892844019465883e+03 2.912912438858753598e-48
7.802156385407489324e+03 9.344855423171534538e-49
7.870004858492846324e+03 2.967277443964470015e-49
7.938443349910667166e+03 9.325055292258099940e-50
8.007476990530012699e+03 2.900189961519338787e-50
8.077110955838608788e+03 8.926007699674217313e-51
8.147350466330814015e+03 2.718071186359913221e-51
8.218200787899069837e+03 8.188854054655359408e-52
8.289667232228592184e+03 2.440686369905572763e-52
8.361755157195653737e+03 7.195981425563132173e-53
8.434469967269242261e+03 2.098369435072047302e-53
8.507817113916284143e+03 6.051612103768235271e-54
8.581802096010265814e+03 1.725949879586726053e-54
8.656430460243538619e+03 4.867352450158753257e-55
8.731707801543127061e+03 1.357105369319397056e-55
8.807639763490258701e+03 3.740804551875322898e-56
8.884232038743353769e+03 1.019341772859068315e-56
8.961490369464878313e+03 2.745302583166328022e-57
9.039420547751824415e+03 7.307308201376378892e-58
9.118028416069930245e+03 1.922134464320853723e-58
9.197319867691743639e+03 4.996131729845125890e-59
9.277300847138369136e+03 1.282987844735895527e-59
9.357977350625180406e+03 3.254842196075666631e-60
9.439355426511325277e+03 8.156819464163934705e-61
9.521441175753257994e+03 2.019024345716153578e-61
9.604240752362014973e+03 4.935410986324522929e-62
9.687760363864652390e+03 1.191352106627432256e-62
9.772006271769603700e+03 2.839628937017189613e-63
9.856984792036166255e+03 6.681852430152712250e-64
9.942702295547913309e+03 1.552105722932250133e-64
1.002916520859039883e+04 3.558699480117838504e-65
1.011638001333288230e+04 8.053257098296790976e-66
1.020435324831440266e+04 1.798328530925079296e-66
1.029309150893383776e+04 3.962410495355268293e-67
1.038260144794445841e+04 8.613925454022258884e-68
1.047288977595264623e+04 1.847332901331335088e-68
1.056396326192106062e+04 3.907576890895752450e-69
1.065582873367600405e+04 8.151927198592884581e-70
1.074849307841938207e+04 1.677128305576910111e-70
1.084196324324499983e+04 3.402074691999483080e-71
1.093624623565947331e+04 6.803711053723770898e-72
1.103134912410745710e+04 1.341310262588009957e-72
1.112727903850165967e+04 2.606492326318533366e-73
1.122404317075733525e+04 4.991475055340861905e-74
1.132164877533153958e+04 9.419253203707025182e-75
1.142010316976688046e+04 1.751339867457770015e-75
1.151941373524019946e+04 3.208075211166150744e-76
1.161958791711590857e+04 5.788178279300821226e-77
1.172063322550424891e+04 1.028563601928553215e-77
1.182255723582419705e+04 1.799977659359398601e-78
1.192536758937149716e+04 3.101547457588256717e-79
1.202907199389148082e+04 5.261302301026702283e-80
1.213367822415700175e+04 8.785560870752221778e-81
1.223919412255119641e+04 1.443993151193823444e-81
1.234562759965551231e+04 2.335490970779852050e-82
1.245298663484274221e+04 3.716816951048933705e-83
1.256127927687523152e+04 5.819531887535849382e-84
1.267051364450837900e+04 8.963596808437355129e-85
1.278069792709916692e+04 1.357835895564229301e-85
1.289184038522021910e+04 2.022769407504181690e-86
1.300394935127904864e+04 2.962960554282762610e-87
1.311703323014284251e+04 4.266993253192756299e-88
1.323110049976842856e+04 6.040056909432942180e-89
1.334615971183797774e+04 8.403113468039582290e-90
1.346221949240006870e+04 1.148870126957586550e-90
1.357928854251649500e+04 1.543225899128581881e-91
1.369737563891443824e+04 2.036430798496698572e-92
1.381648963464454937e+04 2.639537215206681058e-93
1.393663945974464514e+04 3.360114520530710452e-94
1.405783412190926538e+04 4.199863968475724564e-95
1.418008270716486186e+04 5.153798310538696619e-96
1.430339438055106075e+04 6.208234017975541073e-97
1.442777838680773493e+04 7.340020937026468700e-98
1.455324405106818085e+04 8.515375158329445929e-99
1.467980077955807792e+04 9.692628667821209930e-100
1.480745806030078347e+04 1.082313185825739825e-100
1.493622546382859764e+04 1.185329179940233069e-101
1.506611264390037832e+04 1.273018696575000755e-102
1.519712933822512969e+04 1.340518620784122449e-103
1.532928536919215367e+04 1.383875620080584363e-104
1.546259064460737682e+04 1.400200821633002134e-105
1.559705515843626381e+04 1.388352233214307616e-106
1.573268899155289364e+04 1.348818111577134838e-107
1.586950231249585158e+04 1.283781940939839408e-108
1.600750537823049854e+04 1.196710409268468978e-109
1.614670853491807247e+04 1.092433422950587839e-110
1.628712221869114910e+04 9.764276983916307201e-112
1.642875695643619838e+04 8.543555786047494883e-113
1.657162336658268032e+04 7.316304570564828950e-114
1.671573215989928212e+04 6.131045917877155204e-115
1.686109414029670006e+04 5.026919728066834337e-116
1.700772020563774640e+04 4.031579039761558307e-117
1.715562134855433760e+04 3.162206929616458798e-118
1.730480865727158016e+04 2.425304718010049797e-119
1.745529331643918340e+04 1.818604533741627143e-120
1.760708660796980985e+04 1.332827173452041057e-121
1.776019991188498534e+04 9.545801469968851539e-123
1.791464470716822689e+04 6.679958930359115634e-124
1.807043257262573388e+04 4.566457853911290455e-125
1.822757518775427889e+04 3.048621597367070942e-126
1.838608433361695279e+04 1.987375721187486286e-127
1.854597189372632056e+04 1.264831542576295153e-128
1.870724985493547501e+04 7.856736885378001435e-130
1.886993030833651937e+04 4.762469508135076177e-131
1.903402545016712247e+04 2.816515695368492443e-132
1.919954758272486652e+04 1.624831431298315338e-133
1.936650911528965662e+04 9.140801349862744683e-135
1.953492256505386831e+04 5.013809901045326125e-136
1.970480055806088421e+04 2.680820236283911538e-137
1.987615583015160882e+04 1.397029322278571866e-138
2.004900122791945250e+04 7.093112712338468570e-140
2.022334970967319896e+04 3.508245424093385597e-141
2.039921434640864391e+04 1.689959249849771596e-142
2.057660832278847374e+04 7.926385251200819973e-144
2.075554493813088266e+04 3.619071522136185533e-145
2.093603760740636790e+04 1.608206228038389747e-146
2.111809986224365639e+04 6.953812859160020451e-148
2.130174535194406417e+04 2.924847092098265931e-149
2.148698784450496169e+04 1.196454569738471522e-150
2.167384122765173743e+04 4.758821702927215998e-152
2.186231950987911114e+04 1.840043743988929280e-153
2.205243682150129462e+04 6.913968235230956704e-155
2.224420741571149119e+04 2.524148538241148131e-156
2.243764566965024278e+04 8.951342789591369078e-158
2.263276608548344302e+04 3.082754125972245202e-159
2.282958329148948906e+04 1.030709403747474371e-160
2.302811204315612849e+04 3.344894826322805946e-162
2.322836722428646317e+04 1.053361277472071326e-163
2.343036384811494645e+04 3.217972245373979306e-165
2.363411705843287200e+04 9.534455642559964958e-167
2.383964213072370330e+04 2.739074802438947581e-168
2.404695447330844036e+04 7.627977146521574907e-170
2.425606962850052878e+04 2.058511375165356850e-171
2.446700327377124631e+04 5.381937986337889288e-173
2.467977122292497370e+04 1.362854036878580408e-174
2.489438942728493203e+04 3.341800659125642623e-176
2.511087397688880083e+04 7.931774083208109860e-178
2.532924110169517007e+04 1.821872988519959464e-179
2.554950717280022582e+04 4.048630108908052600e-181
2.577168870366525880e+04 8.701608718252274456e-183
2.599580235135445037e+04 1.808318486500786743e-184
2.622186491778381969e+04 3.632518231737559720e-186
2.644989335098078300e+04 7.051557912816922248e-188
2.667990474635493592e+04 1.322351170424165685e-189
2.691191634797944789e+04 2.394851078177683978e-191
2.714594554988403252e+04 4.187455954525252060e-193
2.738200989735887561e+04 7.067232969195273396e-195
2.762012708827023016e+04 1.150797140446972567e-196
2.786031497438693987e+04 1.807532215435703902e-198
2.810259156271899701e+04 2.737660491023687401e-200
2.834697501686739997e+04 3.996993777875275909e-202
2.859348365838614700e+04 5.623592474261548042e-204
2.884213596815546771e+04 7.622216962179193337e-206
2.909295058776755468e+04 9.949572414941699660e-208
2.934594632092404572e+04 1.250322737558864837e-209
2.960114213484594438e+04 1.512170913736593240e-211
2.985855716169527295e+04 1.759530106664712176e-213
3.011821070000966938e+04 1.969156637017764431e-215
3.038012221614905866e+04 2.118704450079112840e-217
3.064431134575531905e+04 2.190968369289854506e-219
3.091079789522399005e+04 2.176855986753320093e-221
3.117960184318945176e+04 2.077315637476828880e-223
3.145074334202257523e+04 1.903235208312581584e-225
3.172424271934179342e+04 1.673601099805126308e-227
3.200012047953675938e+04 1.411986743552390003e-229
3.227839730530575252e+04 1.142518056797546138e-231
3.255909405920625431e+04 8.863319280314354494e-234
3.284223178521894442e+04 6.589793067800853535e-236
3.312783171032562677e+04 4.693947702190517326e-238
3.341591524610024499e+04 3.201953165523249834e-240
3.370650399031440611e+04 2.090973159087178295e-242
3.399961972855641943e+04 1.306696194899218706e-244
3.429528443586481444e+04 7.811540002864117981e-247
3.459352027837547212e+04 4.465266908121774087e-249
3.489434961498367920e+04 2.439765380777170359e-251
3.519779499902023235e+04 1.273707058017133208e-253
3.550387917994258169e+04 6.350929772026696975e-256
3.581262510503990052e+04 3.023286851400966257e-258
3.612405592115380568e+04 1.373475254590634810e-260
3.643819497641350608e+04 5.952341652983222908e-263
3.675506582198648539e+04 2.459786602359579534e-265
3.707469221384377306e+04 9.688858907223730987e-268
3.739709811454118608e+04 3.636071641696162159e-270
3.772230769501571194e+04 1.299558641883830596e-272
3.805034533639780420e+04 4.421558189163771758e-275
3.838123563183897932e+04 1.431484718192365791e-277
3.871500338835570437e+04 4.408007991327355936e-280
3.905167362868915370e+04 1.290486912739364289e-282
3.939127159318143822e+04 3.590289759468285022e-285
3.973382274166740535e+04 9.488065359346441579e-288
4.007935275538376300e+04 2.380686120664816107e-290
4.042788753889414511e+04 5.669059466487043856e-293
4.077945322203161049e+04 1.280574599684360888e-295
4.113407616185706138e+04 2.742739179604768585e-298
4.149178294463564089e+04 5.567228986002261720e-301
4.185260038782965421e+04 1.070498022472777475e-303
4.221655554210949049e+04 1.949020280923544998e-306
4.258367569338115572e+04 3.236556367705570260e-309
4.295398836483212654e+04 0.000000000000000000e+00
4.332752131899476080e+04 0.000000000000000000e+00
4.370430255982784729e+04 0.000000000000000000e+00
4.408436033481571940e+04 0.000000000000000000e+00
4.446772313708622823e+04 0.000000000000000000e+00
4.485441970754682552e+04 0.000000000000000000e+00
4.524447903703922202e+04 0.000000000000000000e+00
4.563793036851312354e+04 0.000000000000000000e+00
4.603480319921816408e+04 0.000000000000000000e+00
4.643512728291562235e+04 0.000000000000000000e+00
4.683893263210890291e+04 0.000000000000000000e+00
4.724624952029393899e+04 0.000000000000000000e+00
4.765710848422829440e+04 0.000000000000000000e+00
4.807154032622090745e+04 0.000000000000000000e+00
4.848957611644108692e+04 0.000000000000000000e+00
4.891124719524831016e+04 0.000000000000000000e+00
4.933658517554123682e+04 0.000000000000000000e+00
4.976562194512809947e+04 0.000000000000000000e+00
5.019838966911723401e+04 0.000000000000000000e+00
5.063492079232879041e+04 0.000000000000000000e+00
5.107524804172662698e+04 0.000000000000000000e+00
5.151940442887225072e+04 0.000000000000000000e+00
5.196742325239950878e+04 0.000000000000000000e+00
5.241933810051138425e+04 0.000000000000000000e+00
5.287518285349755752e+04 0.000000000000000000e+00
5.333499168627477047e+04 0.000000000000000000e+00
5.379879907094885857e+04 0.000000000000000000e+00
5.426663977939934557e+04 0.000000000000000000e+00
5.473854888588591712e+04 0.000000000000000000e+00
5.521456176967821375e+04 0.000000000000000000e+00
5.569471411770809937e+04 0.000000000000000000e+00
5.617904192724552559e+04 0.000000000000000000e+00
5.666758150859660236e+04 0.000000000000000000e+00
5.716036948782630498e+04 0.000000000000000000e+00
5.765744280950407119e+04 0.000000000000000000e+00
5.815883873947396933e+04 0.000000000000000000e+00
5.866459486764796020e+04 0.000000000000000000e+00
5.917474911082439939e+04 0.000000000000000000e+00
5.968933971553051379e+04 0.000000000000000000e+00
6.020840526089016203e+04 0.000000000000000000e+00
6.073198466151547473e+04 0.000000000000000000e+00
6.126011717042478995e+04 0.000000000000000000e+00
6.179284238198527601e+04 0.000000000000000000e+00
6.233020023488133302e+04 0.000000000000000000e+00
6.287223101510919514e+04 0.000000000000000000e+00
6.341897535899651120e+04 0.000000000000000000e+00
6.397047425624938478e+04 0.000000000000000000e+00
6.452676905302511295e+04 0.000000000000000000e+00
6.508790145503239910e+04 0.000000000000000000e+00
6.565391353065735893e+04 0.000000000000000000e+00
6.622484771411790280e+04 0.000000000000000000e+00
6.680074680864477705e+04 0.000000000000000000e+00
6.738165398969102534e+04 0.000000000000000000e+00
6.796761280816816725e+04 0.000000000000000000e+00
6.855866719371176441e+04 0.000000000000000000e+00
6.915486145797444624e+04 0.000000000000000000e+00
6.975624029794867965e+04 0.000000000000000000e+00
7.036284879931683827e+04 0.000000000000000000e+00
7.097473243983185966e+04 0.000000000000000000e+00
7.159193709272639535e+04 0.000000000000000000e+00
7.221450903015260701e+04 0.000000000000000000e+00
7.284249492665033904e+04 0.000000000000000000e+00
7.347594186264686869e+04 0.000000000000000000e+00
7.411489732798629848e+04 0.000000000000000000e+00
7.475940922549042443e+04 0.000000000000000000e+00
7.540952587454924651e+04 0.000000000000000000e+00
7.606529601474398805e+04 0.000000000000000000e+00
7.672676880950092163e+04 0.000000000000000000e+00
7.739399384977766022e+04 0.000000000000000000e+00
7.806702115778025473e+04 0.000000000000000000e+00
7.874590119071387744e+04 0.000000000000000000e+00
7.943068484456540318e+04 0.000000000000000000e+00
8.012142345791961998e+04 0.000000000000000000e+00
8.081816881580727932e+04 0.000000000000000000e+00
8.152097315358804190e+04 0.000000000000000000e+00
8.222988916086642712e+04 0.000000000000000000e+00
8.294496998544177040e+04 0.000000000000000000e+00
8.366626923729343980e+04 0.000000000000000000e+00
8.439384099259905634e+04 0.000000000000000000e+00
8.512773979778923967e+04 0.000000000000000000e+00
8.586802067363660899e+04 0.000000000000000000e+00
8.661473911938141100e+04 0.000000000000000000e+00
8.736795111689135956e+04 0.000000000000000000e+00
8.812771313485928113e+04 0.000000000000000000e+00
8.889408213303622324e+04 0.000000000000000000e+00
8.966711556650245620e+04 0.000000000000000000e+00
9.044687138997393777e+04 0.000000000000000000e+00
9.123340806214784971e+04 0.000000000000000000e+00
9.202678455008486344e+04 0.000000000000000000e+00
9.282706033363078313e+04 0.000000000000000000e+00
9.363429540987458313e+04 0.000000000000000000e+00
9.444855029764721985e+04 0.000000000000000000e+00
9.526988604205838055e+04 0.000000000000000000e+00
9.609836421907371550e+04 0.000000000000000000e+00
9.693404694013026892e+04 0.000000000000000000e+00
9.777699685679358663e+04 0.000000000000000000e+00
9.862727716545455041e+04 0.000000000000000000e+00
9.948495161206771445e+04 0.000000000000000000e+00
1.003500844969295576e+05 0.000000000000000000e+00
1.012227406794996496e+05 0.000000000000000000e+00
1.021029855832629546e+05 0.000000000000000000e+00
1.029908852006352390e+05 0.000000000000000000e+00
1.038865060979096452e+05 0.000000000000000000e+00
1.047899154202477948e+05 0.000000000000000000e+00
1.057011808967134129e+05 0.000000000000000000e+00
1.066203708453506697e+05 0.000000000000000000e+00
1.075475541783049994e+05 0.000000000000000000e+00
1.084828004069901654e+05 0.000000000000000000e+00
1.094261796472991991e+05 0.000000000000000000e+00
1.103777626248617453e+05 0.000000000000000000e+00
1.113376206803453679e+05 0.000000000000000000e+00
1.123058257748046890e+05 0.000000000000000000e+00
1.132824504950760747e+05 0.000000000000000000e+00
1.142675680592194694e+05 0.000000000000000000e+00
1.152612523220083094e+05 0.000000000000000000e+00
1.162635777804652025e+05 0.000000000000000000e+00
1.172746195794478990e+05 0.000000000000000000e+00
1.182944535172825272e+05 0.000000000000000000e+00
1.193231560514470038e+05 0.000000000000000000e+00
1.203608043043018115e+05 0.000000000000000000e+00
1.214074760688729002e+05 0.000000000000000000e+00
1.224632498146832950e+05 0.000000000000000000e+00
1.235282046936368861e+05 0.000000000000000000e+00
1.246024205459512596e+05 0.000000000000000000e+00
1.256859779061441222e+05 0.000000000000000000e+00
1.267789580090706731e+05 0.000000000000000000e+00
1.278814427960146859e+05 0.000000000000000000e+00
1.289935149208303337e+05 0.000000000000000000e+00
1.301152577561396029e+05 0.000000000000000000e+00
1.312467553995825292e+05 0.000000000000000000e+00
1.323880926801228197e+05 0.000000000000000000e+00
1.335393551644060935e+05 0.000000000000000000e+00
1.347006291631759668e+05 0.000000000000000000e+00
1.358720017377441691e+05 0.000000000000000000e+00
1.370535607065185905e+05 0.000000000000000000e+00
1.382453946515856660e+05 0.000000000000000000e+00
1.394475929253523645e+05 0.000000000000000000e+00
1.406602456572444353e+05 0.000000000000000000e+00
1.418834437604645209e+05 0.000000000000000000e+00
1.431172789388065867e+05 0.000000000000000000e+00
1.443618436935316422e+05 0.000000000000000000e+00
1.456172313303024566e+05 0.000000000000000000e+00
1.468835359661796829e+05 0.000000000000000000e+00
1.481608525366761023e+05 0.000000000000000000e+00
1.494492768028753053e+05 0.000000000000000000e+00
1.507489053586103837e+05 0.000000000000000000e+00
1.520598356377063610e+05 0.000000000000000000e+00
1.533821659212837403e+05 0.000000000000000000e+00
1.547159953451274196e+05 0.000000000000000000e+00
1.560614239071187330e+05 0.000000000000000000e+00
1.574185524747322197e+05 0.000000000000000000e+00
1.587874827925987192e+05 0.000000000000000000e+00
1.601683174901315069e+05 0.000000000000000000e+00
1.615611600892215793e+05 0.000000000000000000e+00
1.629661150119983940e+05 0.000000000000000000e+00
1.643832875886592956e+05 0.000000000000000000e+00
1.658127840653646272e+05 0.000000000000000000e+00
1.672547116122041771e+05 0.000000000000000000e+00
1.687091783312312618e+05 0.000000000000000000e+00
1.701762932645682304e+05 0.000000000000000000e+00
1.716561664025797218e+05 0.000000000000000000e+00
1.731489086921198759e+05 0.000000000000000000e+00
1.746546320448494807e+05 0.000000000000000000e+00
1.761734493456271884e+05 0.000000000000000000e+00
1.777054744609709305e+05 0.000000000000000000e+00
1.792508222475955263e+05 0.000000000000000000e+00
1.808096085610229929e+05 0.000000000000000000e+00
1.823819502642697480e+05 0.000000000000000000e+00
1.839679652366057271e+05 0.000000000000000000e+00
1.855677723823931883e+05 0.000000000000000000e+00
1.871814916400006041e+05 0.000000000000000000e+00
1.888092439907954831e+05 0.000000000000000000e+00
1.904511514682126290e+05 0.000000000000000000e+00
1.921073371669044718e+05 0.000000000000000000e+00
1.937779252519685542e+05 0.000000000000000000e+00
1.954630409682578756e+05 0.000000000000000000e+00
1.971628106497684494e+05 0.000000000000000000e+00
1.988773617291119008e+05 0.000000000000000000e+00
2.006068227470686543e+05 0.000000000000000000e+00
2.023513233622258704e+05 0.000000000000000000e+00
2.041109943606961460e+05 0.000000000000000000e+00
2.058859676659238467e+05 0.000000000000000000e+00
2.076763763485748204e+05 0.000000000000000000e+00
2.094823546365142101e+05 0.000000000000000000e+00
2.113040379248675308e+05 0.000000000000000000e+00
2.131415627861724643e+05 0.000000000000000000e+00
2.149950669806178776e+05 0.000000000000000000e+00
2.168646894663708517e+05 0.000000000000000000e+00
2.187505704099964059e+05 0.000000000000000000e+00
2.206528511969633691e+05 0.000000000000000000e+00
2.225716744422456832e+05 0.000000000000000000e+00
2.245071840010134911e+05 0.000000000000000000e+00
2.264595249794197734e+05 0.000000000000000000e+00
2.284288437454764789e+05 0.000000000000000000e+00
2.304152879400294914e+05 0.000000000000000000e+00
2.324190064878265257e+05 0.000000000000000000e+00
2.344401496086836851e+05 0.000000000000000000e+00
2.364788688287450932e+05 0.000000000000000000e+00
2.385353169918445928e+05 0.000000000000000000e+00
2.406096482709635457e+05 0.000000000000000000e+00
2.427020181797910482e+05 0.000000000000000000e+00
2.448125835843803652e+05 0.000000000000000000e+00
2.469415027149109519e+05 0.000000000000000000e+00
2.490889351775499235e+05 0.000000000000000000e+00
2.512550419664201036e+05 0.000000000000000000e+00
2.534399854756666464e+05 0.000000000000000000e+00
2.556439295116338762e+05 0.000000000000000000e+00
2.578670393051450665e+05 0.000000000000000000e+00
2.601094815238914744e+05 0.000000000000000000e+00
2.623714242849249276e+05 0.000000000000000000e+00
2.646530371672635083e+05 0.000000000000000000e+00
2.669544912246040185e+05 0.000000000000000000e+00
2.692759589981477475e+05 0.000000000000000000e+00
2.716176145295331371e+05 0.000000000000000000e+00
2.739796333738858812e+05 0.000000000000000000e+00
2.763621926129793283e+05 0.000000000000000000e+00
2.787654708685120568e+05 0.000000000000000000e+00
2.811896483154968591e+05 0.000000000000000000e+00
2.836349066957699833e+05 0.000000000000000000e+00
2.861014293316156836e+05 0.000000000000000000e+00
2.885894011395120178e+05 0.000000000000000000e+00
2.910990086439910810e+05 0.000000000000000000e+00
2.936304399916246184e+05 0.000000000000000000e+00
2.961838849651294877e+05 0.000000000000000000e+00
2.987595349975946592e+05 0.000000000000000000e+00
3.013575831868355745e+05 0.000000000000000000e+00
3.039782243098674226e+05 0.000000000000000000e+00
3.066216548375100247e+05 0.000000000000000000e+00
3.092880729491156526e+05 0.000000000000000000e+00
3.119776785474297940e+05 0.000000000000000000e+00
3.146906732735738624e+05 0.000000000000000000e+00
3.174272605221649283e+05 0.000000000000000000e+00
3.201876454565630411e+05 0.000000000000000000e+00
3.229720350242548157e+05 0.000000000000000000e+00
3.257806379723647260e+05 0.000000000000000000e+00
3.286136648633079021e+05 0.000000000000000000e+00
3.314713280905740685e+05 0.000000000000000000e+00
3.343538418946537422e+05 0.000000000000000000e+00
3.372614223790963297e+05 0.000000000000000000e+00
3.401942875267137424e+05 0.000000000000000000e+00
3.431526572159214993e+05 0.000000000000000000e+00
3.461367532372258138e+05 0.000000000000000000e+00
3.491467993098471779e+05 0.000000000000000000e+00
3.521830210984957521e+05 0.000000000000000000e+00
3.552456462302877917e+05 0.000000000000000000e+00
3.583349043118139962e+05 0.000000000000000000e+00
3.614510269463488949e+05 0.000000000000000000e+00
3.645942477512172773e+05 0.000000000000000000e+00
3.677648023753069574e+05 0.000000000000000000e+00
3.709629285167383496e+05 0.000000000000000000e+00
3.741888659406809602e+05 0.000000000000000000e+00
3.774428564973308239e+05 0.000000000000000000e+00
3.807251441400415497e+05 0.000000000000000000e+00
3.840359749436156708e+05 0.000000000000000000e+00
3.873755971227493719e+05 0.000000000000000000e+00
3.907442610506436904e+05 0.000000000000000000e+00
3.941422192777739256e+05 0.000000000000000000e+00
3.975697265508263954e+05 0.000000000000000000e+00
4.010270398317922372e+05 0.000000000000000000e+00
4.045144183172354824e+05 0.000000000000000000e+00
4.080321234577238210e+05 0.000000000000000000e+00
4.115804189774292754e+05 0.000000000000000000e+00
4.151595708939025644e+05 0.000000000000000000e+00
4.187698475380124291e+05 0.000000000000000000e+00
4.224115195740650524e+05 0.000000000000000000e+00
4.260848600200946676e+05 0.000000000000000000e+00
4.297901442683349596e+05 0.000000000000000000e+00
4.335276501058605500e+05 0.000000000000000000e+00
4.372976577354161418e+05 0.000000000000000000e+00
4.411004497964216280e+05 0.000000000000000000e+00
4.449363113861652673e+05 0.000000000000000000e+00
4.488055300811724737e+05 0.000000000000000000e+00
4.527083959587690188e+05 0.000000000000000000e+00
4.566452016188261914e+05 0.000000000000000000e+00
4.606162422057011863e+05 0.000000000000000000e+00
4.646218154303586343e+05 0.000000000000000000e+00
4.686622215926938225e+05 0.000000000000000000e+00
4.727377636040443904e+05 0.000000000000000000e+00
4.768487470099034254e+05 0.000000000000000000e+00
4.809954800128212082e+05 0.000000000000000000e+00
4.851782734955142951e+05 0.000000000000000000e+00
4.893974410441716318e+05 0.000000000000000000e+00
4.936532989719668985e+05 0.000000000000000000e+00
4.979461663427681779e+05 0.000000000000000000e+00
5.022763649950611871e+05 0.000000000000000000e+00
5.066442195660765283e+05 0.000000000000000000e+00
5.110500575161309098e+05 0.000000000000000000e+00
5.154942091531722108e+05 0.000000000000000000e+00
5.199770076575458515e+05 0.000000000000000000e+00
5.244987891069720499e+05 0.000000000000000000e+00
5.290598925017452566e+05 0.000000000000000000e+00
5.336606597901439527e+05 0.000000000000000000e+00
5.383014358940700768e+05 0.000000000000000000e+00
5.429825687349060318e+05 0.000000000000000000e+00
5.477044092596023111e+05 0.000000000000000000e+00
5.524673114669834031e+05 0.000000000000000000e+00
5.572716324342896696e+05 0.000000000000000000e+00
5.621177323439472821e+05 0.000000000000000000e+00
5.670059745105708716e+05 0.000000000000000000e+00
5.719367254082044819e+05 0.000000000000000000e+00
5.769103546977904625e+05 0.000000000000000000e+00
5.819272352548879571e+05 0.000000000000000000e+00
5.869877431976248045e+05 0.000000000000000000e+00
5.920922579148988007e+05 0.000000000000000000e+00
5.972411620948163327e+05 0.000000000000000000e+00
6.024348417533856118e+05 0.000000000000000000e+00
6.076736862634537974e+05 0.000000000000000000e+00
6.129580883839044254e+05 0.000000000000000000e+00
6.182884442890948849e+05 0.000000000000000000e+00
6.236651535985626979e+05 0.000000000000000000e+00
6.290886194069832563e+05 0.000000000000000000e+00
6.345592483143938007e+05 0.000000000000000000e+00
6.400774504566703690e+05 0.000000000000000000e+00
6.456436395362800686e+05 0.000000000000000000e+00
6.512582328532943502e+05 0.000000000000000000e+00
6.569216513366788859e+05 0.000000000000000000e+00
6.626343195758437505e+05 0.000000000000000000e+00
6.683966658524797531e+05 0.000000000000000000e+00
6.742091221726649674e+05 0.000000000000000000e+00
6.800721242992564803e+05 0.000000000000000000e+00
6.859861117845533881e+05 0.000000000000000000e+00
6.919515280032546725e+05 0.000000000000000000e+00
6.979688201856963569e+05 0.000000000000000000e+00
7.040384394513865700e+05 0.000000000000000000e+00
7.101608408428180264e+05 0.000000000000000000e+00
7.163364833595877280e+05 0.000000000000000000e+00
7.225658299928063061e+05 0.000000000000000000e+00
7.288493477598134195e+05 0.000000000000000000e+00
7.351875077391829109e+05 0.000000000000000000e+00
7.415807851060447283e+05 0.000000000000000000e+00
7.480296591677068500e+05 0.000000000000000000e+00
7.545346133995937416e+05 0.000000000000000000e+00
7.610961354814855149e+05 0.000000000000000000e+00
7.677147173340842128e+05 0.000000000000000000e+00
7.743908551558930194e+05 0.000000000000000000e+00
7.811250494604136329e+05 0.000000000000000000e+00
7.879178051136774011e+05 0.000000000000000000e+00
7.947696313720854232e+05 0.000000000000000000e+00
8.016810419205940561e+05 0.000000000000000000e+00
8.086525549112234730e+05 0.000000000000000000e+00
8.156846930019091815e+05 0.000000000000000000e+00
8.227779833956775256e+05 0.000000000000000000e+00
8.299329578801760217e+05 0.000000000000000000e+00
8.371501528675388545e+05 0.000000000000000000e+00
8.444301094346080208e+05 0.000000000000000000e+00
8.517733733634890523e+05 0.000000000000000000e+00
8.591804951824744930e+05 0.000000000000000000e+00
8.666520302073146449e+05 0.000000000000000000e+00
8.741885385828554863e+05 0.000000000000000000e+00
8.817905853250242071e+05 0.000000000000000000e+00
8.894587403631934430e+05 0.000000000000000000e+00
8.971935785829148954e+05 0.000000000000000000e+00
9.049956798690017313e+05 0.000000000000000000e+00
9.128656291490237927e+05 0.000000000000000000e+00
9.208040164371498395e+05 0.000000000000000000e+00
9.288114368783721002e+05 0.000000000000000000e+00
9.368884907931468915e+05 0.000000000000000000e+00
9.450357837223745883e+05 0.000000000000000000e+00
9.532539264728212729e+05 0.000000000000000000e+00
9.615435351629002253e+05 0.000000000000000000e+00
9.699052312688534148e+05 0.000000000000000000e+00
9.783396416713634972e+05 0.000000000000000000e+00
9.868473987025421811e+05 0.000000000000000000e+00
9.954291401933244197e+05 0.000000000000000000e+00
1.004085509521313361e+06 0.000000000000000000e+00
1.012817155658985139e+06 0.000000000000000000e+00
1.021624733222367591e+06 0.000000000000000000e+00
1.030508902520107455e+06 0.000000000000000000e+00
1.039470329602962011e+06 0.000000000000000000e+00
1.048509686313759419e+06 0.000000000000000000e+00
1.057627650337737286e+06 0.000000000000000000e+00
1.066824905253375648e+06 0.000000000000000000e+00
1.076102140583633911e+06 0.000000000000000000e+00
1.085460051847632742e+06 0.000000000000000000e+00
1.094899340612820350e+06 0.000000000000000000e+00
1.104420714547559153e+06 0.000000000000000000e+00
1.114024887474167161e+06 0.000000000000000000e+00
1.123712579422460869e+06 0.000000000000000000e+00
1.133484516683705850e+06 0.000000000000000000e+00
1.143341431865093298e+06 0.000000000000000000e+00
1.153284063944654539e+06 0.000000000000000000e+00
1.163313158326647244e+06 0.000000000000000000e+00
1.173429466897466220e+06 0.000000000000000000e+00
1.183633748081998434e+06 0.000000000000000000e+00
1.193926766900470480e+06 0.000000000000000000e+00
1.204309295025832718e+06 0.000000000000000000e+00
1.214782110841576941e+06 0.000000000000000000e+00
1.225345999500123085e+06 0.000000000000000000e+00
1.236001752981668571e+06 0.000000000000000000e+00
1.246750170153551735e+06 0.000000000000000000e+00
1.257592056830168003e+06 0.000000000000000000e+00
1.268528225833371282e+06 0.000000000000000000e+00
1.279559497053395025e+06 0.000000000000000000e+00
1.290686697510354687e+06 0.000000000000000000e+00
1.301910661416210933e+06 0.000000000000000000e+00
1.313232230237344513e+06 0.000000000000000000e+00
1.324652252757627051e+06 0.000000000000000000e+00
1.336171585142040858e+06 0.000000000000000000e+00
1.347791091000893386e+06 0.000000000000000000e+00
1.359511641454551136e+06 0.000000000000000000e+00
1.371334115198730491e+06 0.000000000000000000e+00
1.383259398570408579e+06 0.000000000000000000e+00
1.395288385614234488e+06 0.000000000000000000e+00
1.407421978149590315e+06 0.000000000000000000e+00
1.419661085838185390e+06 0.000000000000000000e+00
1.432006626252240036e+06 0.000000000000000000e+00
1.444459524943310535e+06 0.000000000000000000e+00
1.457020715511638671e+06 0.000000000000000000e+00
1.469691139676180435e+06 0.000000000000000000e+00
1.482471747345189797e+06 0.000000000000000000e+00
1.495363496687419713e+06 0.000000000000000000e+00
1.508367354203988099e+06 0.000000000000000000e+00
1.521484294800820062e+06 0.000000000000000000e+00
1.534715301861721789e+06 0.000000000000000000e+00
1.548061367322143167e+06 0.000000000000000000e+00
1.561523491743500112e+06 0.000000000000000000e+00
1.575102684388224268e+06 0.000000000000000000e+00
1.588799963295413181e+06 0.000000000000000000e+00
1.602616355357136345e+06 0.000000000000000000e+00
1.616552896395453718e+06 0.000000000000000000e+00
1.630610631240057293e+06 0.000000000000000000e+00
1.644790613806583220e+06 0.000000000000000000e+00
1.659093907175666653e+06 0.000000000000000000e+00
1.673521583672593348e+06 0.000000000000000000e+00
1.688074724947733805e+06 0.000000000000000000e+00
1.702754422057618387e+06 0.000000000000000000e+00
1.717561775546716060e+06 0.000000000000000000e+00
1.732497895529977977e+06 0.000000000000000000e+00
1.747563901776046492e+06 0.000000000000000000e+00
1.762760923791185254e+06 0.000000000000000000e+00
1.778090100904003251e+06 0.000000000000000000e+00
1.793552582350820303e+06 0.000000000000000000e+00
1.809149527361868648e+06 0.000000000000000000e+00
1.824882105248185806e+06 0.000000000000000000e+00
1.840751495489255060e+06 0.000000000000000000e+00
1.856758887821472483e+06 0.000000000000000000e+00
1.872905482327322708e+06 0.000000000000000000e+00
1.889192489525329322e+06 0.000000000000000000e+00
1.905621130460853921e+06 0.000000000000000000e+00
1.922192636797586922e+06 0.000000000000000000e+00
1.938908250909931259e+06 0.000000000000000000e+00
1.955769225976123940e+06 0.000000000000000000e+00
1.972776826072168769e+06 0.000000000000000000e+00
1.989932326266649412e+06 0.000000000000000000e+00
2.007237012716270518e+06 0.000000000000000000e+00
2.024692182762326906e+06 0.000000000000000000e+00
2.042299145027947845e+06 0.000000000000000000e+00
2.060059219516180223e+06 0.000000000000000000e+00
2.077973737708997214e+06 0.000000000000000000e+00
2.096044042667095317e+06 0.000000000000000000e+00
2.114271489130563568e+06 0.000000000000000000e+00
2.132657443620500620e+06 0.000000000000000000e+00
2.151203284541403409e+06 0.000000000000000000e+00
2.169910402284559794e+06 0.000000000000000000e+00
2.188780199332265649e+06 0.000000000000000000e+00
2.207814090362944175e+06 0.000000000000000000e+00
2.227013502357252873e+06 0.000000000000000000e+00
2.246379874705040827e+06 0.000000000000000000e+00
2.265914659313239623e+06 0.000000000000000000e+00
2.285619320714763366e+06 0.000000000000000000e+00
2.305495336178248283e+06 0.000000000000000000e+00
2.325544195818856359e+06 0.000000000000000000e+00
2.345767402709966060e+06 0.000000000000000000e+00
2.366166472995835822e+06 0.000000000000000000e+00
2.386742936005318537e+06 0.000000000000000000e+00
2.407498334366490133e+06 0.000000000000000000e+00
2.428434224122277927e+06 0.000000000000000000e+00
2.449552174847176298e+06 0.000000000000000000e+00
2.470853769764850847e+06 0.000000000000000000e+00
2.492340605866891798e+06 0.000000000000000000e+00
2.514014294032517821e+06 0.000000000000000000e+00
2.535876459149317350e+06 0.000000000000000000e+00
2.557928740235118661e+06 0.000000000000000000e+00
2.580172790560843423e+06 0.000000000000000000e+00
2.602610277774423826e+06 0.000000000000000000e+00
2.625242884025894571e+06 0.000000000000000000e+00
2.648072306093426421e+06 0.000000000000000000e+00
2.671100255510602612e+06 0.000000000000000000e+00
2.694328458694703411e+06 0.000000000000000000e+00
2.717758657076110598e+06 0.000000000000000000e+00
2.741392607228927314e+06 0.000000000000000000e+00
2.765232081002593972e+06 0.000000000000000000e+00
2.789278865654793102e+06 0.000000000000000000e+00
2.813534763985409401e+06 0.000000000000000000e+00
2.838001594471659511e+06 0.000000000000000000e+00
2.862681191404482815e+06 0.000000000000000000e+00
2.887575405026029330e+06 0.000000000000000000e+00
2.912686101668342017e+06 0.000000000000000000e+00
2.938015163893348537e+06 0.000000000000000000e+00
2.963564490633917507e+06 0.000000000000000000e+00
2.989335997336290777e+06 0.000000000000000000e+00
3.015331616103659850e+06 0.000000000000000000e+00
3.041553295840979554e+06 0.000000000000000000e+00
3.068003002401143778e+06 0.000000000000000000e+00
3.094682718732339330e+06 0.000000000000000000e+00
3.121594445026667323e+06 0.000000000000000000e+00
3.148740198870182503e+06 0.000000000000000000e+00
3.176122015394059941e+06 0.000000000000000000e+00
3.203741947427249979e+06 0.000000000000000000e+00
3.231602065650346223e+06 0.000000000000000000e+00
3.259704458750790451e+06 0.000000000000000000e+00
3.288051233579536434e+06 0.000000000000000000e+00
